category,old_name,new_name,reason
角色卡面,character_card_face_001.png,character_card-front_男学生_01.png,manifest
角色卡面,character_card_face_002.png,character_card-front_班长_01.png,manifest
角色卡面,character_card_face_003.png,character_card-front_意外因素_01.png,manifest
角色卡面,character_card_face_004.png,character_card-front_异世界人_01.png,manifest
角色卡面,character_card_face_005.png,character_card-front_神格_01.png,manifest
角色卡面,character_card_face_006.png,character_card-front_偶像_01.png,manifest
角色卡面,character_card_face_007.png,character_card-front_媒体记者_01.png,manifest
角色卡面,character_card_face_008.png,character_card-front_大人物_01.png,manifest
角色卡面,character_card_face_009.png,character_card-front_护士_01.png,manifest
角色卡面,character_card_face_010.png,character_card-front_手下_01.png,manifest
角色卡面,character_card_face_011.png,character_card-front_学者_01.png,manifest
角色卡面,character_card_face_012.png,character_card-front_女学生_01.png,manifest
角色卡面,character_card_face_013.png,character_card-front_幻想_01.png,manifest
角色卡面,character_card_face_014.png,character_card-front_刑侦警察_01.png,manifest
角色卡面,character_card_face_015.png,character_card-front_人工智能_01.png,manifest
角色卡面,character_card_face_016.png,character_card-front_教师_01.png,manifest
角色卡面,character_card_face_017.png,character_card-front_转校生_01.png,manifest
角色卡面,character_card_face_018.png,character_card-front_军人_01.png,manifest
角色卡面,character_card_face_019.png,character_card-front_黑猫_01.png,manifest
角色卡面,character_card_face_020.png,character_card-front_小女孩_01.png,manifest
角色卡面,character_card_face_021.png,character_card-front_教祖_01.png,manifest
角色卡面,character_card_face_022.png,character_card-front_模仿者_01.png,manifest
角色卡面,character_card_face_023.png,character_card-front_大小姐_01.png,manifest
角色卡面,character_card_face_024.png,character_card-front_御神木_01.png,manifest
角色卡面,character_card_face_025.png,character_card-front_妹妹_01.png,manifest
角色卡面,character_card_face_026.png,character_card-front_巫女_01.png,manifest
角色卡面,character_card_face_027.png,character_card-front_刑警_01.png,manifest
角色卡面,character_card_face_028.png,character_card-front_上班族_01.png,manifest
角色卡面,character_card_face_029.png,character_card-front_情报贩子_01.png,manifest
角色卡面,character_card_face_030.png,character_card-front_医生_01.png,manifest
角色卡面,character_card_face_031.png,character_card-front_入院患者_01.png,manifest
行动卡面,action_card_face_001.png,action-card_card-front_脚本家不安放置_01.png,manifest
行动卡面,action_card_face_002.png,action-card_card-front_脚本家移动交叉_01.png,manifest
行动卡面,action_card_face_003.png,action-card_card-front_脚本家不安移除_01.png,manifest
行动卡面,action_card_face_004.png,action-card_card-front_脚本家不安禁止_01.png,manifest
行动卡面,action_card_face_005.png,action-card_card-front_脚本家友好禁止_01.png,manifest
行动卡面,action_card_face_006.png,action-card_card-front_脚本家阴谋放置一_01.png,manifest
行动卡面,action_card_face_007.png,action-card_card-front_脚本家阴谋放置二_01.png,manifest
行动卡面,action_card_face_008.png,action-card_card-front_脚本家移动上下_01.png,manifest
行动卡面,action_card_face_009.png,action-card_card-front_脚本家移动左右_01.png,manifest
行动卡面,action_card_face_010.png,action-card_card-front_主人公蓝不安放置_01.png,manifest
行动卡面,action_card_face_011.png,action-card_card-front_主人公蓝不安移除_01.png,manifest
行动卡面,action_card_face_012.png,action-card_card-front_主人公蓝友好放置一_01.png,manifest
行动卡面,action_card_face_013.png,action-card_card-front_主人公蓝友好放置二_01.png,manifest
行动卡面,action_card_face_014.png,action-card_card-front_主人公蓝阴谋禁止_01.png,manifest
行动卡面,action_card_face_015.png,action-card_card-front_主人公蓝移动上下_01.png,manifest
行动卡面,action_card_face_016.png,action-card_card-front_主人公蓝移动左右_01.png,manifest
行动卡面,action_card_face_017.png,action-card_card-front_主人公蓝移动禁止_01.png,manifest
行动卡面,action_card_face_018.png,action-card_card-front_主人公橙不安放置_01.png,manifest
行动卡面,action_card_face_019.png,action-card_card-front_主人公橙不安移除_01.png,manifest
行动卡面,action_card_face_020.png,action-card_card-front_主人公橙友好放置一_01.png,manifest
行动卡面,action_card_face_021.png,action-card_card-front_主人公橙友好放置二_01.png,manifest
行动卡面,action_card_face_022.png,action-card_card-front_主人公橙阴谋禁止_01.png,manifest
行动卡面,action_card_face_023.png,action-card_card-front_主人公橙移动上下_01.png,manifest
行动卡面,action_card_face_024.png,action-card_card-front_主人公橙移动左右_01.png,manifest
行动卡面,action_card_face_025.png,action-card_card-front_主人公橙移动禁止_01.png,manifest
行动卡面,action_card_face_026.png,action-card_card-front_未命名_s6_p03_i026.png,source-id
行动卡面,action_card_face_027.png,action-card_card-front_未命名_s6_p03_i027.png,source-id
行动卡面,action_card_face_028.png,action-card_card-front_未命名_s6_p04_i028.png,source-id
行动卡面,action_card_face_029.png,action-card_card-front_未命名_s6_p04_i029.png,source-id
行动卡面,action_card_face_030.png,action-card_card-front_未命名_s6_p04_i030.png,source-id
行动卡面,action_card_face_031.png,action-card_card-front_未命名_s6_p04_i031.png,source-id
行动卡面,action_card_face_032.png,action-card_card-front_未命名_s6_p04_i032.png,source-id
行动卡面,action_card_face_033.png,action-card_card-front_未命名_s6_p04_i033.png,source-id
行动卡面,action_card_face_034.png,action-card_card-front_未命名_s6_p04_i034.png,source-id
公开信息表,public_info_001.png,info_pub_s6_p10_i082.png,source-id
公开信息表,public_info_002.png,info_pub_s6_p10_i083.png,source-id
公开信息表,public_info_003.png,info_pub_s6_p10_i084.png,source-id
公开信息表,public_info_004.png,info_pub_s6_p10_i085.png,source-id
公开信息表,public_info_005.png,info_pub_s6_p10_i086.png,source-id
公开信息表,public_info_006.png,info_pub_s6_p10_i087.png,source-id
公开信息表,public_info_007.png,info_pub_s6_p10_i088.png,source-id
公开信息表,public_info_008.png,info_pub_s6_p04_i035.png,source-id
公开信息表,public_info_009.png,info_pub_s6_p04_i036.png,source-id
公开信息表,public_info_010.png,info_pub_s6_p05_i037.png,source-id
公开信息表,public_info_011.png,info_pub_s6_p05_i038.png,source-id
公开信息表,public_info_012.png,info_pub_s6_p05_i039.png,source-id
公开信息表,public_info_013.png,info_pub_s6_p05_i040.png,source-id
公开信息表,public_info_014.png,info_pub_s6_p05_i041.png,source-id
公开信息表,public_info_015.png,info_pub_s6_p05_i042.png,source-id
公开信息表,public_info_016.png,info_pub_s6_p05_i043.png,source-id
公开信息表,public_info_017.png,info_pub_s6_p05_i044.png,source-id
公开信息表,public_info_018.png,info_pub_s6_p05_i045.png,source-id
公开信息表,public_info_019.png,info_pub_s6_p06_i046.png,source-id
公开信息表,public_info_020.png,info_pub_s6_p06_i047.png,source-id
公开信息表,public_info_021.png,info_pub_s6_p06_i048.png,source-id
公开信息表,public_info_022.png,info_pub_s6_p06_i049.png,source-id
公开信息表,public_info_023.png,info_pub_s6_p06_i050.png,source-id
公开信息表,public_info_024.png,info_pub_s6_p06_i051.png,source-id
公开信息表,public_info_025.png,info_pub_s6_p06_i052.png,source-id
公开信息表,public_info_026.png,info_pub_s6_p06_i053.png,source-id
公开信息表,public_info_027.png,info_pub_s6_p06_i054.png,source-id
公开信息表,public_info_028.png,info_pub_s6_p07_i055.png,source-id
公开信息表,public_info_029.png,info_pub_s6_p07_i056.png,source-id
公开信息表,public_info_030.png,info_pub_s6_p07_i057.png,source-id
公开信息表,public_info_031.png,info_pub_s6_p07_i058.png,source-id
公开信息表,public_info_032.png,info_pub_s6_p07_i059.png,source-id
公开信息表,public_info_033.png,info_pub_s6_p07_i060.png,source-id
公开信息表,public_info_034.png,info_pub_s6_p07_i061.png,source-id
公开信息表,public_info_035.png,info_pub_s6_p07_i062.png,source-id
公开信息表,public_info_036.png,info_pub_s6_p07_i063.png,source-id
公开信息表,public_info_037.png,info_pub_s6_p08_i064.png,source-id
公开信息表,public_info_038.png,info_pub_s6_p08_i065.png,source-id
公开信息表,public_info_039.png,info_pub_s6_p08_i066.png,source-id
公开信息表,public_info_040.png,info_pub_s6_p08_i067.png,source-id
公开信息表,public_info_041.png,info_pub_s6_p08_i068.png,source-id
公开信息表,public_info_042.png,info_pub_s6_p08_i069.png,source-id
公开信息表,public_info_043.png,info_pub_s6_p08_i070.png,source-id
公开信息表,public_info_044.png,info_pub_s6_p08_i071.png,source-id
公开信息表,public_info_045.png,info_pub_s6_p08_i072.png,source-id
公开信息表,public_info_046.png,info_pub_s6_p09_i073.png,source-id
公开信息表,public_info_047.png,info_pub_s6_p09_i074.png,source-id
公开信息表,public_info_048.png,info_pub_s6_p09_i075.png,source-id
公开信息表,public_info_049.png,info_pub_s6_p09_i076.png,source-id
公开信息表,public_info_050.png,info_pub_s6_p09_i077.png,source-id
公开信息表,public_info_051.png,info_pub_s6_p09_i078.png,source-id
公开信息表,public_info_052.png,info_pub_s6_p09_i079.png,source-id
公开信息表,public_info_053.png,info_pub_s6_p09_i080.png,source-id
公开信息表,public_info_054.png,info_pub_s6_p09_i081.png,source-id
非公开信息表,private_info_001.png,info_pri_s6_p10_i089.png,source-id
非公开信息表,private_info_002.png,info_pri_s6_p10_i090.png,source-id
非公开信息表,private_info_003.png,info_pri_s6_p11_i091.png,source-id
非公开信息表,private_info_004.png,info_pri_s6_p11_i092.png,source-id
非公开信息表,private_info_005.png,info_pri_s6_p11_i093.png,source-id
非公开信息表,private_info_006.png,info_pri_s6_p11_i094.png,source-id
非公开信息表,private_info_007.png,info_pri_s6_p11_i095.png,source-id
非公开信息表,private_info_008.png,info_pri_s6_p11_i096.png,source-id
非公开信息表,private_info_009.png,info_pri_s6_p11_i097.png,source-id
非公开信息表,private_info_010.png,info_pri_s6_p11_i098.png,source-id
卡背,card_back_001.png,card_back_s7_p10_i052.png,source-id
卡背,card_back_002.png,card_back_s7_p10_i053.png,source-id
卡背,card_back_003.png,card_back_s7_p10_i054.png,source-id
卡背,card_back_004.png,card_back_s7_p10_i055.png,source-id
卡背,card_back_005.png,card_back_s7_p10_i056.png,source-id
卡背,card_back_006.png,card_back_s7_p10_i057.png,source-id
卡背,card_back_007.png,card_back_s7_p10_i058.png,source-id
卡背,card_back_008.png,card_back_s7_p01_i001.png,source-id
卡背,card_back_009.png,card_back_s7_p02_i002.png,source-id
卡背,card_back_010.png,card_back_s7_p03_i003.png,source-id
卡背,card_back_011.png,card_back_s7_p03_i004.png,source-id
卡背,card_back_012.png,card_back_s7_p04_i005.png,source-id
卡背,card_back_013.png,card_back_s7_p04_i006.png,source-id
卡背,card_back_014.png,card_back_s7_p05_i010.png,source-id
卡背,card_back_015.png,card_back_s7_p05_i011.png,source-id
卡背,card_back_016.png,card_back_s7_p05_i012.png,source-id
卡背,card_back_017.png,card_back_s7_p05_i013.png,source-id
卡背,card_back_018.png,card_back_s7_p05_i014.png,source-id
卡背,card_back_019.png,card_back_s7_p05_i015.png,source-id
卡背,card_back_020.png,card_back_s7_p05_i007.png,source-id
卡背,card_back_021.png,card_back_s7_p05_i008.png,source-id
卡背,card_back_022.png,card_back_s7_p05_i009.png,source-id
卡背,card_back_023.png,card_back_s7_p06_i016.png,source-id
卡背,card_back_024.png,card_back_s7_p06_i017.png,source-id
卡背,card_back_025.png,card_back_s7_p06_i018.png,source-id
卡背,card_back_026.png,card_back_s7_p06_i019.png,source-id
卡背,card_back_027.png,card_back_s7_p06_i020.png,source-id
卡背,card_back_028.png,card_back_s7_p06_i021.png,source-id
卡背,card_back_029.png,card_back_s7_p06_i022.png,source-id
卡背,card_back_030.png,card_back_s7_p06_i023.png,source-id
卡背,card_back_031.png,card_back_s7_p06_i024.png,source-id
卡背,card_back_032.png,card_back_s7_p07_i025.png,source-id
卡背,card_back_033.png,card_back_s7_p07_i026.png,source-id
卡背,card_back_034.png,card_back_s7_p07_i027.png,source-id
卡背,card_back_035.png,card_back_s7_p07_i028.png,source-id
卡背,card_back_036.png,card_back_s7_p07_i029.png,source-id
卡背,card_back_037.png,card_back_s7_p07_i030.png,source-id
卡背,card_back_038.png,card_back_s7_p07_i031.png,source-id
卡背,card_back_039.png,card_back_s7_p07_i032.png,source-id
卡背,card_back_040.png,card_back_s7_p07_i033.png,source-id
卡背,card_back_041.png,card_back_s7_p08_i034.png,source-id
卡背,card_back_042.png,card_back_s7_p08_i035.png,source-id
卡背,card_back_043.png,card_back_s7_p08_i036.png,source-id
卡背,card_back_044.png,card_back_s7_p08_i037.png,source-id
卡背,card_back_045.png,card_back_s7_p08_i038.png,source-id
卡背,card_back_046.png,card_back_s7_p08_i039.png,source-id
卡背,card_back_047.png,card_back_s7_p08_i040.png,source-id
卡背,card_back_048.png,card_back_s7_p08_i041.png,source-id
卡背,card_back_049.png,card_back_s7_p08_i042.png,source-id
卡背,card_back_050.png,card_back_s7_p09_i043.png,source-id
卡背,card_back_051.png,card_back_s7_p09_i044.png,source-id
卡背,card_back_052.png,card_back_s7_p09_i045.png,source-id
卡背,card_back_053.png,card_back_s7_p09_i046.png,source-id
卡背,card_back_054.png,card_back_s7_p09_i047.png,source-id
卡背,card_back_055.png,card_back_s7_p09_i048.png,source-id
卡背,card_back_056.png,card_back_s7_p09_i049.png,source-id
卡背,card_back_057.png,card_back_s7_p09_i050.png,source-id
卡背,card_back_058.png,card_back_s7_p09_i051.png,source-id
牌垫,playmat_001.png,playmat_s1_p01_i001.png,source-id
牌垫,playmat_002.png,playmat_s1_p02_i002.png,source-id
牌垫,playmat_003.png,playmat_s1_p03_i003.png,source-id
牌垫,playmat_004.png,playmat_s1_p04_i004.png,source-id
牌垫,playmat_005.png,playmat_s4_p01_i001.png,source-id
牌垫,playmat_006.png,playmat_s4_p01_i002.png,source-id
duplicates,duplicate_001.png,duplicate_s6_p10_i082_dup01.png,source-id
duplicates,duplicate_002.png,duplicate_s6_p10_i083_dup01.png,source-id
duplicates,duplicate_003.png,duplicate_s6_p10_i084_dup01.png,source-id
duplicates,duplicate_004.png,duplicate_s6_p10_i085_dup01.png,source-id
duplicates,duplicate_005.png,duplicate_s6_p10_i086_dup01.png,source-id
duplicates,duplicate_006.png,duplicate_s6_p10_i087_dup01.png,source-id
duplicates,duplicate_007.png,duplicate_s6_p10_i088_dup01.png,source-id
duplicates,duplicate_008.png,duplicate_s6_p10_i089_dup01.png,source-id
duplicates,duplicate_009.png,duplicate_s6_p10_i090_dup01.png,source-id
duplicates,duplicate_010.png,duplicate_s6_p11_i091_dup01.png,source-id
duplicates,duplicate_011.png,duplicate_s6_p11_i092_dup01.png,source-id
duplicates,duplicate_012.png,duplicate_s6_p11_i093_dup01.png,source-id
duplicates,duplicate_013.png,duplicate_s6_p11_i094_dup01.png,source-id
duplicates,duplicate_014.png,duplicate_s6_p11_i095_dup01.png,source-id
duplicates,duplicate_015.png,duplicate_s6_p11_i096_dup01.png,source-id
duplicates,duplicate_016.png,duplicate_s6_p11_i097_dup01.png,source-id
duplicates,duplicate_017.png,duplicate_s6_p11_i098_dup01.png,source-id
duplicates,duplicate_018.png,duplicate_s6_p11_i099_dup01.png,source-id
duplicates,duplicate_019.png,duplicate_s6_p12_i100_dup01.png,source-id
duplicates,duplicate_020.png,duplicate_s6_p12_i101_dup01.png,source-id
duplicates,duplicate_021.png,duplicate_s6_p12_i102_dup01.png,source-id
duplicates,duplicate_022.png,duplicate_s6_p12_i103_dup01.png,source-id
duplicates,duplicate_023.png,duplicate_s6_p12_i104_dup01.png,source-id
duplicates,duplicate_024.png,duplicate_s6_p12_i105_dup01.png,source-id
duplicates,duplicate_025.png,duplicate_s6_p12_i106_dup01.png,source-id
duplicates,duplicate_026.png,duplicate_s6_p12_i107_dup01.png,source-id
duplicates,duplicate_027.png,duplicate_s6_p12_i108_dup01.png,source-id
duplicates,duplicate_028.png,duplicate_s6_p13_i109_dup01.png,source-id
duplicates,duplicate_029.png,duplicate_s6_p13_i110_dup01.png,source-id
duplicates,duplicate_030.png,duplicate_s6_p13_i111_dup01.png,source-id
duplicates,duplicate_031.png,duplicate_s6_p13_i112_dup01.png,source-id
duplicates,duplicate_032.png,duplicate_s6_p13_i113_dup01.png,source-id
duplicates,duplicate_033.png,duplicate_s6_p13_i114_dup01.png,source-id
duplicates,duplicate_034.png,duplicate_s6_p13_i115_dup01.png,source-id
duplicates,duplicate_035.png,duplicate_s6_p13_i116_dup01.png,source-id
duplicates,duplicate_036.png,duplicate_s6_p13_i117_dup01.png,source-id
duplicates,duplicate_037.png,duplicate_s6_p14_i118_dup01.png,source-id
duplicates,duplicate_038.png,duplicate_s6_p14_i119_dup01.png,source-id
duplicates,duplicate_039.png,duplicate_s6_p14_i120_dup01.png,source-id
duplicates,duplicate_040.png,duplicate_s6_p14_i121_dup01.png,source-id
duplicates,duplicate_041.png,duplicate_s6_p14_i122_dup01.png,source-id
duplicates,duplicate_042.png,duplicate_s6_p14_i123_dup01.png,source-id
duplicates,duplicate_043.png,duplicate_s6_p14_i124_dup01.png,source-id
duplicates,duplicate_044.png,duplicate_s6_p14_i125_dup01.png,source-id
duplicates,duplicate_045.png,duplicate_s6_p14_i126_dup01.png,source-id
duplicates,duplicate_046.png,duplicate_s6_p15_i127_dup01.png,source-id
duplicates,duplicate_047.png,duplicate_s6_p15_i128_dup01.png,source-id
duplicates,duplicate_048.png,duplicate_s6_p15_i129_dup01.png,source-id
duplicates,duplicate_049.png,duplicate_s6_p01_i001_dup01.png,source-id
duplicates,duplicate_050.png,duplicate_s6_p01_i002_dup01.png,source-id
duplicates,duplicate_051.png,duplicate_s6_p01_i003_dup01.png,source-id
duplicates,duplicate_052.png,duplicate_s6_p01_i004_dup01.png,source-id
duplicates,duplicate_053.png,duplicate_s6_p01_i005_dup01.png,source-id
duplicates,duplicate_054.png,duplicate_s6_p01_i006_dup01.png,source-id
duplicates,duplicate_055.png,duplicate_s6_p01_i007_dup01.png,source-id
duplicates,duplicate_056.png,duplicate_s6_p01_i008_dup01.png,source-id
duplicates,duplicate_057.png,duplicate_s6_p01_i009_dup01.png,source-id
duplicates,duplicate_058.png,duplicate_s6_p02_i010_dup01.png,source-id
duplicates,duplicate_059.png,duplicate_s6_p02_i011_dup01.png,source-id
duplicates,duplicate_060.png,duplicate_s6_p02_i012_dup01.png,source-id
duplicates,duplicate_061.png,duplicate_s6_p02_i013_dup01.png,source-id
duplicates,duplicate_062.png,duplicate_s6_p02_i014_dup01.png,source-id
duplicates,duplicate_063.png,duplicate_s6_p02_i015_dup01.png,source-id
duplicates,duplicate_064.png,duplicate_s6_p02_i016_dup01.png,source-id
duplicates,duplicate_065.png,duplicate_s6_p02_i017_dup01.png,source-id
duplicates,duplicate_066.png,duplicate_s6_p02_i018_dup01.png,source-id
duplicates,duplicate_067.png,duplicate_s6_p03_i019_dup01.png,source-id
duplicates,duplicate_068.png,duplicate_s6_p03_i020_dup01.png,source-id
duplicates,duplicate_069.png,duplicate_s6_p03_i021_dup01.png,source-id
duplicates,duplicate_070.png,duplicate_s6_p03_i022_dup01.png,source-id
duplicates,duplicate_071.png,duplicate_s6_p03_i023_dup01.png,source-id
duplicates,duplicate_072.png,duplicate_s6_p03_i024_dup01.png,source-id
duplicates,duplicate_073.png,duplicate_s6_p03_i025_dup01.png,source-id
duplicates,duplicate_074.png,duplicate_s6_p03_i026_dup01.png,source-id
duplicates,duplicate_075.png,duplicate_s6_p03_i027_dup01.png,source-id
duplicates,duplicate_076.png,duplicate_s6_p04_i028_dup01.png,source-id
duplicates,duplicate_077.png,duplicate_s6_p04_i029_dup01.png,source-id
duplicates,duplicate_078.png,duplicate_s6_p04_i030_dup01.png,source-id
duplicates,duplicate_079.png,duplicate_s6_p04_i031_dup01.png,source-id
duplicates,duplicate_080.png,duplicate_s6_p04_i032_dup01.png,source-id
duplicates,duplicate_081.png,duplicate_s6_p04_i033_dup01.png,source-id
duplicates,duplicate_082.png,duplicate_s6_p04_i034_dup01.png,source-id
duplicates,duplicate_083.png,duplicate_s6_p04_i035_dup01.png,source-id
duplicates,duplicate_084.png,duplicate_s6_p04_i036_dup01.png,source-id
duplicates,duplicate_085.png,duplicate_s6_p05_i037_dup01.png,source-id
duplicates,duplicate_086.png,duplicate_s6_p05_i038_dup01.png,source-id
duplicates,duplicate_087.png,duplicate_s6_p05_i039_dup01.png,source-id
duplicates,duplicate_088.png,duplicate_s6_p05_i040_dup01.png,source-id
duplicates,duplicate_089.png,duplicate_s6_p05_i041_dup01.png,source-id
duplicates,duplicate_090.png,duplicate_s6_p05_i042_dup01.png,source-id
duplicates,duplicate_091.png,duplicate_s6_p05_i043_dup01.png,source-id
duplicates,duplicate_092.png,duplicate_s6_p05_i044_dup01.png,source-id
duplicates,duplicate_093.png,duplicate_s6_p05_i045_dup01.png,source-id
duplicates,duplicate_094.png,duplicate_s6_p06_i046_dup01.png,source-id
duplicates,duplicate_095.png,duplicate_s6_p06_i047_dup01.png,source-id
duplicates,duplicate_096.png,duplicate_s6_p06_i048_dup01.png,source-id
duplicates,duplicate_097.png,duplicate_s6_p06_i049_dup01.png,source-id
duplicates,duplicate_098.png,duplicate_s6_p06_i050_dup01.png,source-id
duplicates,duplicate_099.png,duplicate_s6_p06_i051_dup01.png,source-id
duplicates,duplicate_100.png,duplicate_s6_p06_i052_dup01.png,source-id
duplicates,duplicate_101.png,duplicate_s6_p06_i053_dup01.png,source-id
duplicates,duplicate_102.png,duplicate_s6_p06_i054_dup01.png,source-id
duplicates,duplicate_103.png,duplicate_s6_p07_i055_dup01.png,source-id
duplicates,duplicate_104.png,duplicate_s6_p07_i056_dup01.png,source-id
duplicates,duplicate_105.png,duplicate_s6_p07_i057_dup01.png,source-id
duplicates,duplicate_106.png,duplicate_s6_p07_i058_dup01.png,source-id
duplicates,duplicate_107.png,duplicate_s6_p07_i059_dup01.png,source-id
duplicates,duplicate_108.png,duplicate_s6_p07_i060_dup01.png,source-id
duplicates,duplicate_109.png,duplicate_s6_p07_i061_dup01.png,source-id
duplicates,duplicate_110.png,duplicate_s6_p07_i062_dup01.png,source-id
duplicates,duplicate_111.png,duplicate_s6_p07_i063_dup01.png,source-id
duplicates,duplicate_112.png,duplicate_s6_p08_i064_dup01.png,source-id
duplicates,duplicate_113.png,duplicate_s6_p08_i065_dup01.png,source-id
duplicates,duplicate_114.png,duplicate_s6_p08_i066_dup01.png,source-id
duplicates,duplicate_115.png,duplicate_s6_p08_i067_dup01.png,source-id
duplicates,duplicate_116.png,duplicate_s6_p08_i068_dup01.png,source-id
duplicates,duplicate_117.png,duplicate_s6_p08_i069_dup01.png,source-id
duplicates,duplicate_118.png,duplicate_s6_p08_i070_dup01.png,source-id
duplicates,duplicate_119.png,duplicate_s6_p08_i071_dup01.png,source-id
duplicates,duplicate_120.png,duplicate_s6_p08_i072_dup01.png,source-id
duplicates,duplicate_121.png,duplicate_s6_p09_i073_dup01.png,source-id
duplicates,duplicate_122.png,duplicate_s6_p09_i074_dup01.png,source-id
duplicates,duplicate_123.png,duplicate_s6_p09_i075_dup01.png,source-id
duplicates,duplicate_124.png,duplicate_s6_p09_i076_dup01.png,source-id
duplicates,duplicate_125.png,duplicate_s6_p09_i077_dup01.png,source-id
duplicates,duplicate_126.png,duplicate_s6_p09_i078_dup01.png,source-id
duplicates,duplicate_127.png,duplicate_s6_p09_i079_dup01.png,source-id
duplicates,duplicate_128.png,duplicate_s6_p09_i080_dup01.png,source-id
duplicates,duplicate_129.png,duplicate_s6_p09_i081_dup01.png,source-id
duplicates,duplicate_130.png,duplicate_s7_p10_i052_dup01.png,source-id
duplicates,duplicate_131.png,duplicate_s7_p10_i052_dup02.png,source-id
duplicates,duplicate_132.png,duplicate_s7_p10_i052_dup03.png,source-id
duplicates,duplicate_133.png,duplicate_s7_p10_i053_dup01.png,source-id
duplicates,duplicate_134.png,duplicate_s7_p10_i053_dup02.png,source-id
duplicates,duplicate_135.png,duplicate_s7_p10_i053_dup03.png,source-id
duplicates,duplicate_136.png,duplicate_s7_p10_i054_dup01.png,source-id
duplicates,duplicate_137.png,duplicate_s7_p10_i054_dup02.png,source-id
duplicates,duplicate_138.png,duplicate_s7_p10_i054_dup03.png,source-id
duplicates,duplicate_139.png,duplicate_s7_p10_i055_dup01.png,source-id
duplicates,duplicate_140.png,duplicate_s7_p10_i055_dup02.png,source-id
duplicates,duplicate_141.png,duplicate_s7_p10_i055_dup03.png,source-id
duplicates,duplicate_142.png,duplicate_s7_p10_i056_dup01.png,source-id
duplicates,duplicate_143.png,duplicate_s7_p10_i056_dup02.png,source-id
duplicates,duplicate_144.png,duplicate_s7_p10_i056_dup03.png,source-id
duplicates,duplicate_145.png,duplicate_s7_p10_i057_dup01.png,source-id
duplicates,duplicate_146.png,duplicate_s7_p10_i057_dup02.png,source-id
duplicates,duplicate_147.png,duplicate_s7_p10_i057_dup03.png,source-id
duplicates,duplicate_148.png,duplicate_s7_p10_i058_dup01.png,source-id
duplicates,duplicate_149.png,duplicate_s7_p10_i058_dup02.png,source-id
duplicates,duplicate_150.png,duplicate_s7_p10_i058_dup03.png,source-id
duplicates,duplicate_151.png,duplicate_s7_p01_i001_dup01.png,source-id
duplicates,duplicate_152.png,duplicate_s7_p01_i001_dup02.png,source-id
duplicates,duplicate_153.png,duplicate_s7_p01_i001_dup03.png,source-id
duplicates,duplicate_154.png,duplicate_s7_p02_i002_dup01.png,source-id
duplicates,duplicate_155.png,duplicate_s7_p02_i002_dup02.png,source-id
duplicates,duplicate_156.png,duplicate_s7_p02_i002_dup03.png,source-id
duplicates,duplicate_157.png,duplicate_s7_p03_i003_dup01.png,source-id
duplicates,duplicate_158.png,duplicate_s7_p03_i003_dup02.png,source-id
duplicates,duplicate_159.png,duplicate_s7_p03_i003_dup03.png,source-id
duplicates,duplicate_160.png,duplicate_s7_p03_i004_dup01.png,source-id
duplicates,duplicate_161.png,duplicate_s7_p03_i004_dup02.png,source-id
duplicates,duplicate_162.png,duplicate_s7_p03_i004_dup03.png,source-id
duplicates,duplicate_163.png,duplicate_s7_p04_i005_dup01.png,source-id
duplicates,duplicate_164.png,duplicate_s7_p04_i005_dup02.png,source-id
duplicates,duplicate_165.png,duplicate_s7_p04_i005_dup03.png,source-id
duplicates,duplicate_166.png,duplicate_s7_p04_i006_dup01.png,source-id
duplicates,duplicate_167.png,duplicate_s7_p04_i006_dup02.png,source-id
duplicates,duplicate_168.png,duplicate_s7_p04_i006_dup03.png,source-id
duplicates,duplicate_169.png,duplicate_s7_p05_i010_dup01.png,source-id
duplicates,duplicate_170.png,duplicate_s7_p05_i010_dup02.png,source-id
duplicates,duplicate_171.png,duplicate_s7_p05_i010_dup03.png,source-id
duplicates,duplicate_172.png,duplicate_s7_p05_i011_dup01.png,source-id
duplicates,duplicate_173.png,duplicate_s7_p05_i011_dup02.png,source-id
duplicates,duplicate_174.png,duplicate_s7_p05_i011_dup03.png,source-id
duplicates,duplicate_175.png,duplicate_s7_p05_i012_dup01.png,source-id
duplicates,duplicate_176.png,duplicate_s7_p05_i012_dup02.png,source-id
duplicates,duplicate_177.png,duplicate_s7_p05_i012_dup03.png,source-id
duplicates,duplicate_178.png,duplicate_s7_p05_i013_dup01.png,source-id
duplicates,duplicate_179.png,duplicate_s7_p05_i013_dup02.png,source-id
duplicates,duplicate_180.png,duplicate_s7_p05_i013_dup03.png,source-id
duplicates,duplicate_181.png,duplicate_s7_p05_i014_dup01.png,source-id
duplicates,duplicate_182.png,duplicate_s7_p05_i014_dup02.png,source-id
duplicates,duplicate_183.png,duplicate_s7_p05_i014_dup03.png,source-id
duplicates,duplicate_184.png,duplicate_s7_p05_i015_dup01.png,source-id
duplicates,duplicate_185.png,duplicate_s7_p05_i015_dup02.png,source-id
duplicates,duplicate_186.png,duplicate_s7_p05_i015_dup03.png,source-id
duplicates,duplicate_187.png,duplicate_s7_p05_i007_dup01.png,source-id
duplicates,duplicate_188.png,duplicate_s7_p05_i007_dup02.png,source-id
duplicates,duplicate_189.png,duplicate_s7_p05_i007_dup03.png,source-id
duplicates,duplicate_190.png,duplicate_s7_p05_i008_dup01.png,source-id
duplicates,duplicate_191.png,duplicate_s7_p05_i008_dup02.png,source-id
duplicates,duplicate_192.png,duplicate_s7_p05_i008_dup03.png,source-id
duplicates,duplicate_193.png,duplicate_s7_p05_i009_dup01.png,source-id
duplicates,duplicate_194.png,duplicate_s7_p05_i009_dup02.png,source-id
duplicates,duplicate_195.png,duplicate_s7_p05_i009_dup03.png,source-id
duplicates,duplicate_196.png,duplicate_s7_p06_i016_dup01.png,source-id
duplicates,duplicate_197.png,duplicate_s7_p06_i016_dup02.png,source-id
duplicates,duplicate_198.png,duplicate_s7_p06_i016_dup03.png,source-id
duplicates,duplicate_199.png,duplicate_s7_p06_i017_dup01.png,source-id
duplicates,duplicate_200.png,duplicate_s7_p06_i017_dup02.png,source-id
duplicates,duplicate_201.png,duplicate_s7_p06_i017_dup03.png,source-id
duplicates,duplicate_202.png,duplicate_s7_p06_i018_dup01.png,source-id
duplicates,duplicate_203.png,duplicate_s7_p06_i018_dup02.png,source-id
duplicates,duplicate_204.png,duplicate_s7_p06_i018_dup03.png,source-id
duplicates,duplicate_205.png,duplicate_s7_p06_i019_dup01.png,source-id
duplicates,duplicate_206.png,duplicate_s7_p06_i019_dup02.png,source-id
duplicates,duplicate_207.png,duplicate_s7_p06_i019_dup03.png,source-id
duplicates,duplicate_208.png,duplicate_s7_p06_i020_dup01.png,source-id
duplicates,duplicate_209.png,duplicate_s7_p06_i020_dup02.png,source-id
duplicates,duplicate_210.png,duplicate_s7_p06_i020_dup03.png,source-id
duplicates,duplicate_211.png,duplicate_s7_p06_i021_dup01.png,source-id
duplicates,duplicate_212.png,duplicate_s7_p06_i021_dup02.png,source-id
duplicates,duplicate_213.png,duplicate_s7_p06_i021_dup03.png,source-id
duplicates,duplicate_214.png,duplicate_s7_p06_i022_dup01.png,source-id
duplicates,duplicate_215.png,duplicate_s7_p06_i022_dup02.png,source-id
duplicates,duplicate_216.png,duplicate_s7_p06_i022_dup03.png,source-id
duplicates,duplicate_217.png,duplicate_s7_p06_i023_dup01.png,source-id
duplicates,duplicate_218.png,duplicate_s7_p06_i023_dup02.png,source-id
duplicates,duplicate_219.png,duplicate_s7_p06_i023_dup03.png,source-id
duplicates,duplicate_220.png,duplicate_s7_p06_i024_dup01.png,source-id
duplicates,duplicate_221.png,duplicate_s7_p06_i024_dup02.png,source-id
duplicates,duplicate_222.png,duplicate_s7_p06_i024_dup03.png,source-id
duplicates,duplicate_223.png,duplicate_s7_p07_i025_dup01.png,source-id
duplicates,duplicate_224.png,duplicate_s7_p07_i025_dup02.png,source-id
duplicates,duplicate_225.png,duplicate_s7_p07_i025_dup03.png,source-id
duplicates,duplicate_226.png,duplicate_s7_p07_i026_dup01.png,source-id
duplicates,duplicate_227.png,duplicate_s7_p07_i026_dup02.png,source-id
duplicates,duplicate_228.png,duplicate_s7_p07_i026_dup03.png,source-id
duplicates,duplicate_229.png,duplicate_s7_p07_i027_dup01.png,source-id
duplicates,duplicate_230.png,duplicate_s7_p07_i027_dup02.png,source-id
duplicates,duplicate_231.png,duplicate_s7_p07_i027_dup03.png,source-id
duplicates,duplicate_232.png,duplicate_s7_p07_i028_dup01.png,source-id
duplicates,duplicate_233.png,duplicate_s7_p07_i028_dup02.png,source-id
duplicates,duplicate_234.png,duplicate_s7_p07_i028_dup03.png,source-id
duplicates,duplicate_235.png,duplicate_s7_p07_i029_dup01.png,source-id
duplicates,duplicate_236.png,duplicate_s7_p07_i029_dup02.png,source-id
duplicates,duplicate_237.png,duplicate_s7_p07_i029_dup03.png,source-id
duplicates,duplicate_238.png,duplicate_s7_p07_i030_dup01.png,source-id
duplicates,duplicate_239.png,duplicate_s7_p07_i030_dup02.png,source-id
duplicates,duplicate_240.png,duplicate_s7_p07_i030_dup03.png,source-id
duplicates,duplicate_241.png,duplicate_s7_p07_i031_dup01.png,source-id
duplicates,duplicate_242.png,duplicate_s7_p07_i031_dup02.png,source-id
duplicates,duplicate_243.png,duplicate_s7_p07_i031_dup03.png,source-id
duplicates,duplicate_244.png,duplicate_s7_p07_i032_dup01.png,source-id
duplicates,duplicate_245.png,duplicate_s7_p07_i032_dup02.png,source-id
duplicates,duplicate_246.png,duplicate_s7_p07_i032_dup03.png,source-id
duplicates,duplicate_247.png,duplicate_s7_p07_i033_dup01.png,source-id
duplicates,duplicate_248.png,duplicate_s7_p07_i033_dup02.png,source-id
duplicates,duplicate_249.png,duplicate_s7_p07_i033_dup03.png,source-id
duplicates,duplicate_250.png,duplicate_s7_p08_i034_dup01.png,source-id
duplicates,duplicate_251.png,duplicate_s7_p08_i034_dup02.png,source-id
duplicates,duplicate_252.png,duplicate_s7_p08_i034_dup03.png,source-id
duplicates,duplicate_253.png,duplicate_s7_p08_i035_dup01.png,source-id
duplicates,duplicate_254.png,duplicate_s7_p08_i035_dup02.png,source-id
duplicates,duplicate_255.png,duplicate_s7_p08_i035_dup03.png,source-id
duplicates,duplicate_256.png,duplicate_s7_p08_i036_dup01.png,source-id
duplicates,duplicate_257.png,duplicate_s7_p08_i036_dup02.png,source-id
duplicates,duplicate_258.png,duplicate_s7_p08_i036_dup03.png,source-id
duplicates,duplicate_259.png,duplicate_s7_p08_i037_dup01.png,source-id
duplicates,duplicate_260.png,duplicate_s7_p08_i037_dup02.png,source-id
duplicates,duplicate_261.png,duplicate_s7_p08_i037_dup03.png,source-id
duplicates,duplicate_262.png,duplicate_s7_p08_i038_dup01.png,source-id
duplicates,duplicate_263.png,duplicate_s7_p08_i038_dup02.png,source-id
duplicates,duplicate_264.png,duplicate_s7_p08_i038_dup03.png,source-id
duplicates,duplicate_265.png,duplicate_s7_p08_i039_dup01.png,source-id
duplicates,duplicate_266.png,duplicate_s7_p08_i039_dup02.png,source-id
duplicates,duplicate_267.png,duplicate_s7_p08_i039_dup03.png,source-id
duplicates,duplicate_268.png,duplicate_s7_p08_i040_dup01.png,source-id
duplicates,duplicate_269.png,duplicate_s7_p08_i040_dup02.png,source-id
duplicates,duplicate_270.png,duplicate_s7_p08_i040_dup03.png,source-id
duplicates,duplicate_271.png,duplicate_s7_p08_i041_dup01.png,source-id
duplicates,duplicate_272.png,duplicate_s7_p08_i041_dup02.png,source-id
duplicates,duplicate_273.png,duplicate_s7_p08_i041_dup03.png,source-id
duplicates,duplicate_274.png,duplicate_s7_p08_i042_dup01.png,source-id
duplicates,duplicate_275.png,duplicate_s7_p08_i042_dup02.png,source-id
duplicates,duplicate_276.png,duplicate_s7_p08_i042_dup03.png,source-id
duplicates,duplicate_277.png,duplicate_s7_p09_i043_dup01.png,source-id
duplicates,duplicate_278.png,duplicate_s7_p09_i043_dup02.png,source-id
duplicates,duplicate_279.png,duplicate_s7_p09_i043_dup03.png,source-id
duplicates,duplicate_280.png,duplicate_s7_p09_i044_dup01.png,source-id
duplicates,duplicate_281.png,duplicate_s7_p09_i044_dup02.png,source-id
duplicates,duplicate_282.png,duplicate_s7_p09_i044_dup03.png,source-id
duplicates,duplicate_283.png,duplicate_s7_p09_i045_dup01.png,source-id
duplicates,duplicate_284.png,duplicate_s7_p09_i045_dup02.png,source-id
duplicates,duplicate_285.png,duplicate_s7_p09_i045_dup03.png,source-id
duplicates,duplicate_286.png,duplicate_s7_p09_i046_dup01.png,source-id
duplicates,duplicate_287.png,duplicate_s7_p09_i046_dup02.png,source-id
duplicates,duplicate_288.png,duplicate_s7_p09_i046_dup03.png,source-id
duplicates,duplicate_289.png,duplicate_s7_p09_i047_dup01.png,source-id
duplicates,duplicate_290.png,duplicate_s7_p09_i047_dup02.png,source-id
duplicates,duplicate_291.png,duplicate_s7_p09_i047_dup03.png,source-id
duplicates,duplicate_292.png,duplicate_s7_p09_i048_dup01.png,source-id
duplicates,duplicate_293.png,duplicate_s7_p09_i048_dup02.png,source-id
duplicates,duplicate_294.png,duplicate_s7_p09_i048_dup03.png,source-id
duplicates,duplicate_295.png,duplicate_s7_p09_i049_dup01.png,source-id
duplicates,duplicate_296.png,duplicate_s7_p09_i049_dup02.png,source-id
duplicates,duplicate_297.png,duplicate_s7_p09_i049_dup03.png,source-id
duplicates,duplicate_298.png,duplicate_s7_p09_i050_dup01.png,source-id
duplicates,duplicate_299.png,duplicate_s7_p09_i050_dup02.png,source-id
duplicates,duplicate_300.png,duplicate_s7_p09_i050_dup03.png,source-id
duplicates,duplicate_301.png,duplicate_s7_p09_i051_dup01.png,source-id
duplicates,duplicate_302.png,duplicate_s7_p09_i051_dup02.png,source-id
duplicates,duplicate_303.png,duplicate_s7_p09_i051_dup03.png,source-id
token,token_不安_01.png,token_card-front_不安_01.png,manifest-partial
token,token_不安_3倍_01.png,token_card-front_不安x3_01.png,manifest-partial
token,token_密谋_01.png,token_card-front_密谋_01.png,manifest-partial
token,token_密谋_3倍_01.png,token_card-front_密谋x3_01.png,manifest-partial
token,token_友好_01.png,token_card-front_友好_01.png,manifest-partial
token,token_友好_3倍_01.png,token_card-front_友好x3_01.png,manifest-partial
