"category","old_name","new_name","old_rel","new_rel"
"非公开信息表","6_第10页-89.PNG","private_info_001.png","asset\\classified\\非公开信息表\\6_第10页-89.PNG","asset\\classified\\非公开信息表\\private_info_001.png"
"非公开信息表","6_第10页-90.PNG","private_info_002.png","asset\\classified\\非公开信息表\\6_第10页-90.PNG","asset\\classified\\非公开信息表\\private_info_002.png"
"非公开信息表","6_第11页-91.PNG","private_info_003.png","asset\\classified\\非公开信息表\\6_第11页-91.PNG","asset\\classified\\非公开信息表\\private_info_003.png"
"非公开信息表","6_第11页-92.PNG","private_info_004.png","asset\\classified\\非公开信息表\\6_第11页-92.PNG","asset\\classified\\非公开信息表\\private_info_004.png"
"非公开信息表","6_第11页-93.PNG","private_info_005.png","asset\\classified\\非公开信息表\\6_第11页-93.PNG","asset\\classified\\非公开信息表\\private_info_005.png"
"非公开信息表","6_第11页-94.PNG","private_info_006.png","asset\\classified\\非公开信息表\\6_第11页-94.PNG","asset\\classified\\非公开信息表\\private_info_006.png"
"非公开信息表","6_第11页-95.PNG","private_info_007.png","asset\\classified\\非公开信息表\\6_第11页-95.PNG","asset\\classified\\非公开信息表\\private_info_007.png"
"非公开信息表","6_第11页-96.PNG","private_info_008.png","asset\\classified\\非公开信息表\\6_第11页-96.PNG","asset\\classified\\非公开信息表\\private_info_008.png"
"非公开信息表","6_第11页-97.PNG","private_info_009.png","asset\\classified\\非公开信息表\\6_第11页-97.PNG","asset\\classified\\非公开信息表\\private_info_009.png"
"非公开信息表","6_第11页-98.PNG","private_info_010.png","asset\\classified\\非公开信息表\\6_第11页-98.PNG","asset\\classified\\非公开信息表\\private_info_010.png"
"公开信息表","6_第10页-82.PNG","public_info_001.png","asset\\classified\\公开信息表\\6_第10页-82.PNG","asset\\classified\\公开信息表\\public_info_001.png"
"公开信息表","6_第10页-83.PNG","public_info_002.png","asset\\classified\\公开信息表\\6_第10页-83.PNG","asset\\classified\\公开信息表\\public_info_002.png"
"公开信息表","6_第10页-84.PNG","public_info_003.png","asset\\classified\\公开信息表\\6_第10页-84.PNG","asset\\classified\\公开信息表\\public_info_003.png"
"公开信息表","6_第10页-85.PNG","public_info_004.png","asset\\classified\\公开信息表\\6_第10页-85.PNG","asset\\classified\\公开信息表\\public_info_004.png"
"公开信息表","6_第10页-86.PNG","public_info_005.png","asset\\classified\\公开信息表\\6_第10页-86.PNG","asset\\classified\\公开信息表\\public_info_005.png"
"公开信息表","6_第10页-87.PNG","public_info_006.png","asset\\classified\\公开信息表\\6_第10页-87.PNG","asset\\classified\\公开信息表\\public_info_006.png"
"公开信息表","6_第10页-88.PNG","public_info_007.png","asset\\classified\\公开信息表\\6_第10页-88.PNG","asset\\classified\\公开信息表\\public_info_007.png"
"公开信息表","6_第4页-35.PNG","public_info_008.png","asset\\classified\\公开信息表\\6_第4页-35.PNG","asset\\classified\\公开信息表\\public_info_008.png"
"公开信息表","6_第4页-36.PNG","public_info_009.png","asset\\classified\\公开信息表\\6_第4页-36.PNG","asset\\classified\\公开信息表\\public_info_009.png"
"公开信息表","6_第5页-37.PNG","public_info_010.png","asset\\classified\\公开信息表\\6_第5页-37.PNG","asset\\classified\\公开信息表\\public_info_010.png"
"公开信息表","6_第5页-38.PNG","public_info_011.png","asset\\classified\\公开信息表\\6_第5页-38.PNG","asset\\classified\\公开信息表\\public_info_011.png"
"公开信息表","6_第5页-39.PNG","public_info_012.png","asset\\classified\\公开信息表\\6_第5页-39.PNG","asset\\classified\\公开信息表\\public_info_012.png"
"公开信息表","6_第5页-40.PNG","public_info_013.png","asset\\classified\\公开信息表\\6_第5页-40.PNG","asset\\classified\\公开信息表\\public_info_013.png"
"公开信息表","6_第5页-41.PNG","public_info_014.png","asset\\classified\\公开信息表\\6_第5页-41.PNG","asset\\classified\\公开信息表\\public_info_014.png"
"公开信息表","6_第5页-42.PNG","public_info_015.png","asset\\classified\\公开信息表\\6_第5页-42.PNG","asset\\classified\\公开信息表\\public_info_015.png"
"公开信息表","6_第5页-43.PNG","public_info_016.png","asset\\classified\\公开信息表\\6_第5页-43.PNG","asset\\classified\\公开信息表\\public_info_016.png"
"公开信息表","6_第5页-44.PNG","public_info_017.png","asset\\classified\\公开信息表\\6_第5页-44.PNG","asset\\classified\\公开信息表\\public_info_017.png"
"公开信息表","6_第5页-45.PNG","public_info_018.png","asset\\classified\\公开信息表\\6_第5页-45.PNG","asset\\classified\\公开信息表\\public_info_018.png"
"公开信息表","6_第6页-46.PNG","public_info_019.png","asset\\classified\\公开信息表\\6_第6页-46.PNG","asset\\classified\\公开信息表\\public_info_019.png"
"公开信息表","6_第6页-47.PNG","public_info_020.png","asset\\classified\\公开信息表\\6_第6页-47.PNG","asset\\classified\\公开信息表\\public_info_020.png"
"公开信息表","6_第6页-48.PNG","public_info_021.png","asset\\classified\\公开信息表\\6_第6页-48.PNG","asset\\classified\\公开信息表\\public_info_021.png"
"公开信息表","6_第6页-49.PNG","public_info_022.png","asset\\classified\\公开信息表\\6_第6页-49.PNG","asset\\classified\\公开信息表\\public_info_022.png"
"公开信息表","6_第6页-50.PNG","public_info_023.png","asset\\classified\\公开信息表\\6_第6页-50.PNG","asset\\classified\\公开信息表\\public_info_023.png"
"公开信息表","6_第6页-51.PNG","public_info_024.png","asset\\classified\\公开信息表\\6_第6页-51.PNG","asset\\classified\\公开信息表\\public_info_024.png"
"公开信息表","6_第6页-52.PNG","public_info_025.png","asset\\classified\\公开信息表\\6_第6页-52.PNG","asset\\classified\\公开信息表\\public_info_025.png"
"公开信息表","6_第6页-53.PNG","public_info_026.png","asset\\classified\\公开信息表\\6_第6页-53.PNG","asset\\classified\\公开信息表\\public_info_026.png"
"公开信息表","6_第6页-54.PNG","public_info_027.png","asset\\classified\\公开信息表\\6_第6页-54.PNG","asset\\classified\\公开信息表\\public_info_027.png"
"公开信息表","6_第7页-55.PNG","public_info_028.png","asset\\classified\\公开信息表\\6_第7页-55.PNG","asset\\classified\\公开信息表\\public_info_028.png"
"公开信息表","6_第7页-56.PNG","public_info_029.png","asset\\classified\\公开信息表\\6_第7页-56.PNG","asset\\classified\\公开信息表\\public_info_029.png"
"公开信息表","6_第7页-57.PNG","public_info_030.png","asset\\classified\\公开信息表\\6_第7页-57.PNG","asset\\classified\\公开信息表\\public_info_030.png"
"公开信息表","6_第7页-58.PNG","public_info_031.png","asset\\classified\\公开信息表\\6_第7页-58.PNG","asset\\classified\\公开信息表\\public_info_031.png"
"公开信息表","6_第7页-59.PNG","public_info_032.png","asset\\classified\\公开信息表\\6_第7页-59.PNG","asset\\classified\\公开信息表\\public_info_032.png"
"公开信息表","6_第7页-60.PNG","public_info_033.png","asset\\classified\\公开信息表\\6_第7页-60.PNG","asset\\classified\\公开信息表\\public_info_033.png"
"公开信息表","6_第7页-61.PNG","public_info_034.png","asset\\classified\\公开信息表\\6_第7页-61.PNG","asset\\classified\\公开信息表\\public_info_034.png"
"公开信息表","6_第7页-62.PNG","public_info_035.png","asset\\classified\\公开信息表\\6_第7页-62.PNG","asset\\classified\\公开信息表\\public_info_035.png"
"公开信息表","6_第7页-63.PNG","public_info_036.png","asset\\classified\\公开信息表\\6_第7页-63.PNG","asset\\classified\\公开信息表\\public_info_036.png"
"公开信息表","6_第8页-64.PNG","public_info_037.png","asset\\classified\\公开信息表\\6_第8页-64.PNG","asset\\classified\\公开信息表\\public_info_037.png"
"公开信息表","6_第8页-65.PNG","public_info_038.png","asset\\classified\\公开信息表\\6_第8页-65.PNG","asset\\classified\\公开信息表\\public_info_038.png"
"公开信息表","6_第8页-66.PNG","public_info_039.png","asset\\classified\\公开信息表\\6_第8页-66.PNG","asset\\classified\\公开信息表\\public_info_039.png"
"公开信息表","6_第8页-67.PNG","public_info_040.png","asset\\classified\\公开信息表\\6_第8页-67.PNG","asset\\classified\\公开信息表\\public_info_040.png"
"公开信息表","6_第8页-68.PNG","public_info_041.png","asset\\classified\\公开信息表\\6_第8页-68.PNG","asset\\classified\\公开信息表\\public_info_041.png"
"公开信息表","6_第8页-69.PNG","public_info_042.png","asset\\classified\\公开信息表\\6_第8页-69.PNG","asset\\classified\\公开信息表\\public_info_042.png"
"公开信息表","6_第8页-70.PNG","public_info_043.png","asset\\classified\\公开信息表\\6_第8页-70.PNG","asset\\classified\\公开信息表\\public_info_043.png"
"公开信息表","6_第8页-71.PNG","public_info_044.png","asset\\classified\\公开信息表\\6_第8页-71.PNG","asset\\classified\\公开信息表\\public_info_044.png"
"公开信息表","6_第8页-72.PNG","public_info_045.png","asset\\classified\\公开信息表\\6_第8页-72.PNG","asset\\classified\\公开信息表\\public_info_045.png"
"公开信息表","6_第9页-73.PNG","public_info_046.png","asset\\classified\\公开信息表\\6_第9页-73.PNG","asset\\classified\\公开信息表\\public_info_046.png"
"公开信息表","6_第9页-74.PNG","public_info_047.png","asset\\classified\\公开信息表\\6_第9页-74.PNG","asset\\classified\\公开信息表\\public_info_047.png"
"公开信息表","6_第9页-75.PNG","public_info_048.png","asset\\classified\\公开信息表\\6_第9页-75.PNG","asset\\classified\\公开信息表\\public_info_048.png"
"公开信息表","6_第9页-76.PNG","public_info_049.png","asset\\classified\\公开信息表\\6_第9页-76.PNG","asset\\classified\\公开信息表\\public_info_049.png"
"公开信息表","6_第9页-77.PNG","public_info_050.png","asset\\classified\\公开信息表\\6_第9页-77.PNG","asset\\classified\\公开信息表\\public_info_050.png"
"公开信息表","6_第9页-78.PNG","public_info_051.png","asset\\classified\\公开信息表\\6_第9页-78.PNG","asset\\classified\\公开信息表\\public_info_051.png"
"公开信息表","6_第9页-79.PNG","public_info_052.png","asset\\classified\\公开信息表\\6_第9页-79.PNG","asset\\classified\\公开信息表\\public_info_052.png"
"公开信息表","6_第9页-80.PNG","public_info_053.png","asset\\classified\\公开信息表\\6_第9页-80.PNG","asset\\classified\\公开信息表\\public_info_053.png"
"公开信息表","6_第9页-81.PNG","public_info_054.png","asset\\classified\\公开信息表\\6_第9页-81.PNG","asset\\classified\\公开信息表\\public_info_054.png"
"角色卡面","6_第11页-99.PNG","character_card_face_001.png","asset\\classified\\角色卡面\\6_第11页-99.PNG","asset\\classified\\角色卡面\\character_card_face_001.png"
"角色卡面","6_第12页-100.PNG","character_card_face_002.png","asset\\classified\\角色卡面\\6_第12页-100.PNG","asset\\classified\\角色卡面\\character_card_face_002.png"
"角色卡面","6_第12页-101.PNG","character_card_face_003.png","asset\\classified\\角色卡面\\6_第12页-101.PNG","asset\\classified\\角色卡面\\character_card_face_003.png"
"角色卡面","6_第12页-102.PNG","character_card_face_004.png","asset\\classified\\角色卡面\\6_第12页-102.PNG","asset\\classified\\角色卡面\\character_card_face_004.png"
"角色卡面","6_第12页-103.PNG","character_card_face_005.png","asset\\classified\\角色卡面\\6_第12页-103.PNG","asset\\classified\\角色卡面\\character_card_face_005.png"
"角色卡面","6_第12页-104.PNG","character_card_face_006.png","asset\\classified\\角色卡面\\6_第12页-104.PNG","asset\\classified\\角色卡面\\character_card_face_006.png"
"角色卡面","6_第12页-105.PNG","character_card_face_007.png","asset\\classified\\角色卡面\\6_第12页-105.PNG","asset\\classified\\角色卡面\\character_card_face_007.png"
"角色卡面","6_第12页-106.PNG","character_card_face_008.png","asset\\classified\\角色卡面\\6_第12页-106.PNG","asset\\classified\\角色卡面\\character_card_face_008.png"
"角色卡面","6_第12页-107.PNG","character_card_face_009.png","asset\\classified\\角色卡面\\6_第12页-107.PNG","asset\\classified\\角色卡面\\character_card_face_009.png"
"角色卡面","6_第12页-108.PNG","character_card_face_010.png","asset\\classified\\角色卡面\\6_第12页-108.PNG","asset\\classified\\角色卡面\\character_card_face_010.png"
"角色卡面","6_第13页-109.PNG","character_card_face_011.png","asset\\classified\\角色卡面\\6_第13页-109.PNG","asset\\classified\\角色卡面\\character_card_face_011.png"
"角色卡面","6_第13页-110.PNG","character_card_face_012.png","asset\\classified\\角色卡面\\6_第13页-110.PNG","asset\\classified\\角色卡面\\character_card_face_012.png"
"角色卡面","6_第13页-111.PNG","character_card_face_013.png","asset\\classified\\角色卡面\\6_第13页-111.PNG","asset\\classified\\角色卡面\\character_card_face_013.png"
"角色卡面","6_第13页-112.PNG","character_card_face_014.png","asset\\classified\\角色卡面\\6_第13页-112.PNG","asset\\classified\\角色卡面\\character_card_face_014.png"
"角色卡面","6_第13页-113.PNG","character_card_face_015.png","asset\\classified\\角色卡面\\6_第13页-113.PNG","asset\\classified\\角色卡面\\character_card_face_015.png"
"角色卡面","6_第13页-114.PNG","character_card_face_016.png","asset\\classified\\角色卡面\\6_第13页-114.PNG","asset\\classified\\角色卡面\\character_card_face_016.png"
"角色卡面","6_第13页-115.PNG","character_card_face_017.png","asset\\classified\\角色卡面\\6_第13页-115.PNG","asset\\classified\\角色卡面\\character_card_face_017.png"
"角色卡面","6_第13页-116.PNG","character_card_face_018.png","asset\\classified\\角色卡面\\6_第13页-116.PNG","asset\\classified\\角色卡面\\character_card_face_018.png"
"角色卡面","6_第13页-117.PNG","character_card_face_019.png","asset\\classified\\角色卡面\\6_第13页-117.PNG","asset\\classified\\角色卡面\\character_card_face_019.png"
"角色卡面","6_第14页-118.PNG","character_card_face_020.png","asset\\classified\\角色卡面\\6_第14页-118.PNG","asset\\classified\\角色卡面\\character_card_face_020.png"
"角色卡面","6_第14页-119.PNG","character_card_face_021.png","asset\\classified\\角色卡面\\6_第14页-119.PNG","asset\\classified\\角色卡面\\character_card_face_021.png"
"角色卡面","6_第14页-120.PNG","character_card_face_022.png","asset\\classified\\角色卡面\\6_第14页-120.PNG","asset\\classified\\角色卡面\\character_card_face_022.png"
"角色卡面","6_第14页-121.PNG","character_card_face_023.png","asset\\classified\\角色卡面\\6_第14页-121.PNG","asset\\classified\\角色卡面\\character_card_face_023.png"
"角色卡面","6_第14页-122.PNG","character_card_face_024.png","asset\\classified\\角色卡面\\6_第14页-122.PNG","asset\\classified\\角色卡面\\character_card_face_024.png"
"角色卡面","6_第14页-123.PNG","character_card_face_025.png","asset\\classified\\角色卡面\\6_第14页-123.PNG","asset\\classified\\角色卡面\\character_card_face_025.png"
"角色卡面","6_第14页-124.PNG","character_card_face_026.png","asset\\classified\\角色卡面\\6_第14页-124.PNG","asset\\classified\\角色卡面\\character_card_face_026.png"
"角色卡面","6_第14页-125.PNG","character_card_face_027.png","asset\\classified\\角色卡面\\6_第14页-125.PNG","asset\\classified\\角色卡面\\character_card_face_027.png"
"角色卡面","6_第14页-126.PNG","character_card_face_028.png","asset\\classified\\角色卡面\\6_第14页-126.PNG","asset\\classified\\角色卡面\\character_card_face_028.png"
"角色卡面","6_第15页-127.PNG","character_card_face_029.png","asset\\classified\\角色卡面\\6_第15页-127.PNG","asset\\classified\\角色卡面\\character_card_face_029.png"
"角色卡面","6_第15页-128.PNG","character_card_face_030.png","asset\\classified\\角色卡面\\6_第15页-128.PNG","asset\\classified\\角色卡面\\character_card_face_030.png"
"角色卡面","6_第15页-129.PNG","character_card_face_031.png","asset\\classified\\角色卡面\\6_第15页-129.PNG","asset\\classified\\角色卡面\\character_card_face_031.png"
"卡背","7_第10页-52.PNG","card_back_001.png","asset\\classified\\卡背\\7_第10页-52.PNG","asset\\classified\\卡背\\card_back_001.png"
"卡背","7_第10页-53.PNG","card_back_002.png","asset\\classified\\卡背\\7_第10页-53.PNG","asset\\classified\\卡背\\card_back_002.png"
"卡背","7_第10页-54.PNG","card_back_003.png","asset\\classified\\卡背\\7_第10页-54.PNG","asset\\classified\\卡背\\card_back_003.png"
"卡背","7_第10页-55.PNG","card_back_004.png","asset\\classified\\卡背\\7_第10页-55.PNG","asset\\classified\\卡背\\card_back_004.png"
"卡背","7_第10页-56.PNG","card_back_005.png","asset\\classified\\卡背\\7_第10页-56.PNG","asset\\classified\\卡背\\card_back_005.png"
"卡背","7_第10页-57.PNG","card_back_006.png","asset\\classified\\卡背\\7_第10页-57.PNG","asset\\classified\\卡背\\card_back_006.png"
"卡背","7_第10页-58.PNG","card_back_007.png","asset\\classified\\卡背\\7_第10页-58.PNG","asset\\classified\\卡背\\card_back_007.png"
"卡背","7_第1页-1.PNG","card_back_008.png","asset\\classified\\卡背\\7_第1页-1.PNG","asset\\classified\\卡背\\card_back_008.png"
"卡背","7_第2页-2.PNG","card_back_009.png","asset\\classified\\卡背\\7_第2页-2.PNG","asset\\classified\\卡背\\card_back_009.png"
"卡背","7_第3页-3.PNG","card_back_010.png","asset\\classified\\卡背\\7_第3页-3.PNG","asset\\classified\\卡背\\card_back_010.png"
"卡背","7_第3页-4.PNG","card_back_011.png","asset\\classified\\卡背\\7_第3页-4.PNG","asset\\classified\\卡背\\card_back_011.png"
"卡背","7_第4页-5.PNG","card_back_012.png","asset\\classified\\卡背\\7_第4页-5.PNG","asset\\classified\\卡背\\card_back_012.png"
"卡背","7_第4页-6.PNG","card_back_013.png","asset\\classified\\卡背\\7_第4页-6.PNG","asset\\classified\\卡背\\card_back_013.png"
"卡背","7_第5页-10.PNG","card_back_014.png","asset\\classified\\卡背\\7_第5页-10.PNG","asset\\classified\\卡背\\card_back_014.png"
"卡背","7_第5页-11.PNG","card_back_015.png","asset\\classified\\卡背\\7_第5页-11.PNG","asset\\classified\\卡背\\card_back_015.png"
"卡背","7_第5页-12.PNG","card_back_016.png","asset\\classified\\卡背\\7_第5页-12.PNG","asset\\classified\\卡背\\card_back_016.png"
"卡背","7_第5页-13.PNG","card_back_017.png","asset\\classified\\卡背\\7_第5页-13.PNG","asset\\classified\\卡背\\card_back_017.png"
"卡背","7_第5页-14.PNG","card_back_018.png","asset\\classified\\卡背\\7_第5页-14.PNG","asset\\classified\\卡背\\card_back_018.png"
"卡背","7_第5页-15.PNG","card_back_019.png","asset\\classified\\卡背\\7_第5页-15.PNG","asset\\classified\\卡背\\card_back_019.png"
"卡背","7_第5页-7.PNG","card_back_020.png","asset\\classified\\卡背\\7_第5页-7.PNG","asset\\classified\\卡背\\card_back_020.png"
"卡背","7_第5页-8.PNG","card_back_021.png","asset\\classified\\卡背\\7_第5页-8.PNG","asset\\classified\\卡背\\card_back_021.png"
"卡背","7_第5页-9.PNG","card_back_022.png","asset\\classified\\卡背\\7_第5页-9.PNG","asset\\classified\\卡背\\card_back_022.png"
"卡背","7_第6页-16.PNG","card_back_023.png","asset\\classified\\卡背\\7_第6页-16.PNG","asset\\classified\\卡背\\card_back_023.png"
"卡背","7_第6页-17.PNG","card_back_024.png","asset\\classified\\卡背\\7_第6页-17.PNG","asset\\classified\\卡背\\card_back_024.png"
"卡背","7_第6页-18.PNG","card_back_025.png","asset\\classified\\卡背\\7_第6页-18.PNG","asset\\classified\\卡背\\card_back_025.png"
"卡背","7_第6页-19.PNG","card_back_026.png","asset\\classified\\卡背\\7_第6页-19.PNG","asset\\classified\\卡背\\card_back_026.png"
"卡背","7_第6页-20.PNG","card_back_027.png","asset\\classified\\卡背\\7_第6页-20.PNG","asset\\classified\\卡背\\card_back_027.png"
"卡背","7_第6页-21.PNG","card_back_028.png","asset\\classified\\卡背\\7_第6页-21.PNG","asset\\classified\\卡背\\card_back_028.png"
"卡背","7_第6页-22.PNG","card_back_029.png","asset\\classified\\卡背\\7_第6页-22.PNG","asset\\classified\\卡背\\card_back_029.png"
"卡背","7_第6页-23.PNG","card_back_030.png","asset\\classified\\卡背\\7_第6页-23.PNG","asset\\classified\\卡背\\card_back_030.png"
"卡背","7_第6页-24.PNG","card_back_031.png","asset\\classified\\卡背\\7_第6页-24.PNG","asset\\classified\\卡背\\card_back_031.png"
"卡背","7_第7页-25.PNG","card_back_032.png","asset\\classified\\卡背\\7_第7页-25.PNG","asset\\classified\\卡背\\card_back_032.png"
"卡背","7_第7页-26.PNG","card_back_033.png","asset\\classified\\卡背\\7_第7页-26.PNG","asset\\classified\\卡背\\card_back_033.png"
"卡背","7_第7页-27.PNG","card_back_034.png","asset\\classified\\卡背\\7_第7页-27.PNG","asset\\classified\\卡背\\card_back_034.png"
"卡背","7_第7页-28.PNG","card_back_035.png","asset\\classified\\卡背\\7_第7页-28.PNG","asset\\classified\\卡背\\card_back_035.png"
"卡背","7_第7页-29.PNG","card_back_036.png","asset\\classified\\卡背\\7_第7页-29.PNG","asset\\classified\\卡背\\card_back_036.png"
"卡背","7_第7页-30.PNG","card_back_037.png","asset\\classified\\卡背\\7_第7页-30.PNG","asset\\classified\\卡背\\card_back_037.png"
"卡背","7_第7页-31.PNG","card_back_038.png","asset\\classified\\卡背\\7_第7页-31.PNG","asset\\classified\\卡背\\card_back_038.png"
"卡背","7_第7页-32.PNG","card_back_039.png","asset\\classified\\卡背\\7_第7页-32.PNG","asset\\classified\\卡背\\card_back_039.png"
"卡背","7_第7页-33.PNG","card_back_040.png","asset\\classified\\卡背\\7_第7页-33.PNG","asset\\classified\\卡背\\card_back_040.png"
"卡背","7_第8页-34.PNG","card_back_041.png","asset\\classified\\卡背\\7_第8页-34.PNG","asset\\classified\\卡背\\card_back_041.png"
"卡背","7_第8页-35.PNG","card_back_042.png","asset\\classified\\卡背\\7_第8页-35.PNG","asset\\classified\\卡背\\card_back_042.png"
"卡背","7_第8页-36.PNG","card_back_043.png","asset\\classified\\卡背\\7_第8页-36.PNG","asset\\classified\\卡背\\card_back_043.png"
"卡背","7_第8页-37.PNG","card_back_044.png","asset\\classified\\卡背\\7_第8页-37.PNG","asset\\classified\\卡背\\card_back_044.png"
"卡背","7_第8页-38.PNG","card_back_045.png","asset\\classified\\卡背\\7_第8页-38.PNG","asset\\classified\\卡背\\card_back_045.png"
"卡背","7_第8页-39.PNG","card_back_046.png","asset\\classified\\卡背\\7_第8页-39.PNG","asset\\classified\\卡背\\card_back_046.png"
"卡背","7_第8页-40.PNG","card_back_047.png","asset\\classified\\卡背\\7_第8页-40.PNG","asset\\classified\\卡背\\card_back_047.png"
"卡背","7_第8页-41.PNG","card_back_048.png","asset\\classified\\卡背\\7_第8页-41.PNG","asset\\classified\\卡背\\card_back_048.png"
"卡背","7_第8页-42.PNG","card_back_049.png","asset\\classified\\卡背\\7_第8页-42.PNG","asset\\classified\\卡背\\card_back_049.png"
"卡背","7_第9页-43.PNG","card_back_050.png","asset\\classified\\卡背\\7_第9页-43.PNG","asset\\classified\\卡背\\card_back_050.png"
"卡背","7_第9页-44.PNG","card_back_051.png","asset\\classified\\卡背\\7_第9页-44.PNG","asset\\classified\\卡背\\card_back_051.png"
"卡背","7_第9页-45.PNG","card_back_052.png","asset\\classified\\卡背\\7_第9页-45.PNG","asset\\classified\\卡背\\card_back_052.png"
"卡背","7_第9页-46.PNG","card_back_053.png","asset\\classified\\卡背\\7_第9页-46.PNG","asset\\classified\\卡背\\card_back_053.png"
"卡背","7_第9页-47.PNG","card_back_054.png","asset\\classified\\卡背\\7_第9页-47.PNG","asset\\classified\\卡背\\card_back_054.png"
"卡背","7_第9页-48.PNG","card_back_055.png","asset\\classified\\卡背\\7_第9页-48.PNG","asset\\classified\\卡背\\card_back_055.png"
"卡背","7_第9页-49.PNG","card_back_056.png","asset\\classified\\卡背\\7_第9页-49.PNG","asset\\classified\\卡背\\card_back_056.png"
"卡背","7_第9页-50.PNG","card_back_057.png","asset\\classified\\卡背\\7_第9页-50.PNG","asset\\classified\\卡背\\card_back_057.png"
"卡背","7_第9页-51.PNG","card_back_058.png","asset\\classified\\卡背\\7_第9页-51.PNG","asset\\classified\\卡背\\card_back_058.png"
"牌垫","1_第1页-1.PNG","playmat_001.png","asset\\classified\\牌垫\\1_第1页-1.PNG","asset\\classified\\牌垫\\playmat_001.png"
"牌垫","1_第2页-2.PNG","playmat_002.png","asset\\classified\\牌垫\\1_第2页-2.PNG","asset\\classified\\牌垫\\playmat_002.png"
"牌垫","1_第3页-3.PNG","playmat_003.png","asset\\classified\\牌垫\\1_第3页-3.PNG","asset\\classified\\牌垫\\playmat_003.png"
"牌垫","1_第4页-4.PNG","playmat_004.png","asset\\classified\\牌垫\\1_第4页-4.PNG","asset\\classified\\牌垫\\playmat_004.png"
"牌垫","4_第1页-1.PNG","playmat_005.png","asset\\classified\\牌垫\\4_第1页-1.PNG","asset\\classified\\牌垫\\playmat_005.png"
"牌垫","4_第1页-2.PNG","playmat_006.png","asset\\classified\\牌垫\\4_第1页-2.PNG","asset\\classified\\牌垫\\playmat_006.png"
"行动卡面","6_第1页-1.PNG","action_card_face_001.png","asset\\classified\\行动卡面\\6_第1页-1.PNG","asset\\classified\\行动卡面\\action_card_face_001.png"
"行动卡面","6_第1页-2.PNG","action_card_face_002.png","asset\\classified\\行动卡面\\6_第1页-2.PNG","asset\\classified\\行动卡面\\action_card_face_002.png"
"行动卡面","6_第1页-3.PNG","action_card_face_003.png","asset\\classified\\行动卡面\\6_第1页-3.PNG","asset\\classified\\行动卡面\\action_card_face_003.png"
"行动卡面","6_第1页-4.PNG","action_card_face_004.png","asset\\classified\\行动卡面\\6_第1页-4.PNG","asset\\classified\\行动卡面\\action_card_face_004.png"
"行动卡面","6_第1页-5.PNG","action_card_face_005.png","asset\\classified\\行动卡面\\6_第1页-5.PNG","asset\\classified\\行动卡面\\action_card_face_005.png"
"行动卡面","6_第1页-6.PNG","action_card_face_006.png","asset\\classified\\行动卡面\\6_第1页-6.PNG","asset\\classified\\行动卡面\\action_card_face_006.png"
"行动卡面","6_第1页-7.PNG","action_card_face_007.png","asset\\classified\\行动卡面\\6_第1页-7.PNG","asset\\classified\\行动卡面\\action_card_face_007.png"
"行动卡面","6_第1页-8.PNG","action_card_face_008.png","asset\\classified\\行动卡面\\6_第1页-8.PNG","asset\\classified\\行动卡面\\action_card_face_008.png"
"行动卡面","6_第1页-9.PNG","action_card_face_009.png","asset\\classified\\行动卡面\\6_第1页-9.PNG","asset\\classified\\行动卡面\\action_card_face_009.png"
"行动卡面","6_第2页-10.PNG","action_card_face_010.png","asset\\classified\\行动卡面\\6_第2页-10.PNG","asset\\classified\\行动卡面\\action_card_face_010.png"
"行动卡面","6_第2页-11.PNG","action_card_face_011.png","asset\\classified\\行动卡面\\6_第2页-11.PNG","asset\\classified\\行动卡面\\action_card_face_011.png"
"行动卡面","6_第2页-12.PNG","action_card_face_012.png","asset\\classified\\行动卡面\\6_第2页-12.PNG","asset\\classified\\行动卡面\\action_card_face_012.png"
"行动卡面","6_第2页-13.PNG","action_card_face_013.png","asset\\classified\\行动卡面\\6_第2页-13.PNG","asset\\classified\\行动卡面\\action_card_face_013.png"
"行动卡面","6_第2页-14.PNG","action_card_face_014.png","asset\\classified\\行动卡面\\6_第2页-14.PNG","asset\\classified\\行动卡面\\action_card_face_014.png"
"行动卡面","6_第2页-15.PNG","action_card_face_015.png","asset\\classified\\行动卡面\\6_第2页-15.PNG","asset\\classified\\行动卡面\\action_card_face_015.png"
"行动卡面","6_第2页-16.PNG","action_card_face_016.png","asset\\classified\\行动卡面\\6_第2页-16.PNG","asset\\classified\\行动卡面\\action_card_face_016.png"
"行动卡面","6_第2页-17.PNG","action_card_face_017.png","asset\\classified\\行动卡面\\6_第2页-17.PNG","asset\\classified\\行动卡面\\action_card_face_017.png"
"行动卡面","6_第2页-18.PNG","action_card_face_018.png","asset\\classified\\行动卡面\\6_第2页-18.PNG","asset\\classified\\行动卡面\\action_card_face_018.png"
"行动卡面","6_第3页-19.PNG","action_card_face_019.png","asset\\classified\\行动卡面\\6_第3页-19.PNG","asset\\classified\\行动卡面\\action_card_face_019.png"
"行动卡面","6_第3页-20.PNG","action_card_face_020.png","asset\\classified\\行动卡面\\6_第3页-20.PNG","asset\\classified\\行动卡面\\action_card_face_020.png"
"行动卡面","6_第3页-21.PNG","action_card_face_021.png","asset\\classified\\行动卡面\\6_第3页-21.PNG","asset\\classified\\行动卡面\\action_card_face_021.png"
"行动卡面","6_第3页-22.PNG","action_card_face_022.png","asset\\classified\\行动卡面\\6_第3页-22.PNG","asset\\classified\\行动卡面\\action_card_face_022.png"
"行动卡面","6_第3页-23.PNG","action_card_face_023.png","asset\\classified\\行动卡面\\6_第3页-23.PNG","asset\\classified\\行动卡面\\action_card_face_023.png"
"行动卡面","6_第3页-24.PNG","action_card_face_024.png","asset\\classified\\行动卡面\\6_第3页-24.PNG","asset\\classified\\行动卡面\\action_card_face_024.png"
"行动卡面","6_第3页-25.PNG","action_card_face_025.png","asset\\classified\\行动卡面\\6_第3页-25.PNG","asset\\classified\\行动卡面\\action_card_face_025.png"
"行动卡面","6_第3页-26.PNG","action_card_face_026.png","asset\\classified\\行动卡面\\6_第3页-26.PNG","asset\\classified\\行动卡面\\action_card_face_026.png"
"行动卡面","6_第3页-27.PNG","action_card_face_027.png","asset\\classified\\行动卡面\\6_第3页-27.PNG","asset\\classified\\行动卡面\\action_card_face_027.png"
"行动卡面","6_第4页-28.PNG","action_card_face_028.png","asset\\classified\\行动卡面\\6_第4页-28.PNG","asset\\classified\\行动卡面\\action_card_face_028.png"
"行动卡面","6_第4页-29.PNG","action_card_face_029.png","asset\\classified\\行动卡面\\6_第4页-29.PNG","asset\\classified\\行动卡面\\action_card_face_029.png"
"行动卡面","6_第4页-30.PNG","action_card_face_030.png","asset\\classified\\行动卡面\\6_第4页-30.PNG","asset\\classified\\行动卡面\\action_card_face_030.png"
"行动卡面","6_第4页-31.PNG","action_card_face_031.png","asset\\classified\\行动卡面\\6_第4页-31.PNG","asset\\classified\\行动卡面\\action_card_face_031.png"
"行动卡面","6_第4页-32.PNG","action_card_face_032.png","asset\\classified\\行动卡面\\6_第4页-32.PNG","asset\\classified\\行动卡面\\action_card_face_032.png"
"行动卡面","6_第4页-33.PNG","action_card_face_033.png","asset\\classified\\行动卡面\\6_第4页-33.PNG","asset\\classified\\行动卡面\\action_card_face_033.png"
"行动卡面","6_第4页-34.PNG","action_card_face_034.png","asset\\classified\\行动卡面\\6_第4页-34.PNG","asset\\classified\\行动卡面\\action_card_face_034.png"
"duplicates","6_第10页-82.PNG","duplicate_001.png","asset\\classified\\duplicates\\6_第10页-82.PNG","asset\\classified\\duplicates\\duplicate_001.png"
"duplicates","6_第10页-83.PNG","duplicate_002.png","asset\\classified\\duplicates\\6_第10页-83.PNG","asset\\classified\\duplicates\\duplicate_002.png"
"duplicates","6_第10页-84.PNG","duplicate_003.png","asset\\classified\\duplicates\\6_第10页-84.PNG","asset\\classified\\duplicates\\duplicate_003.png"
"duplicates","6_第10页-85.PNG","duplicate_004.png","asset\\classified\\duplicates\\6_第10页-85.PNG","asset\\classified\\duplicates\\duplicate_004.png"
"duplicates","6_第10页-86.PNG","duplicate_005.png","asset\\classified\\duplicates\\6_第10页-86.PNG","asset\\classified\\duplicates\\duplicate_005.png"
"duplicates","6_第10页-87.PNG","duplicate_006.png","asset\\classified\\duplicates\\6_第10页-87.PNG","asset\\classified\\duplicates\\duplicate_006.png"
"duplicates","6_第10页-88.PNG","duplicate_007.png","asset\\classified\\duplicates\\6_第10页-88.PNG","asset\\classified\\duplicates\\duplicate_007.png"
"duplicates","6_第10页-89.PNG","duplicate_008.png","asset\\classified\\duplicates\\6_第10页-89.PNG","asset\\classified\\duplicates\\duplicate_008.png"
"duplicates","6_第10页-90.PNG","duplicate_009.png","asset\\classified\\duplicates\\6_第10页-90.PNG","asset\\classified\\duplicates\\duplicate_009.png"
"duplicates","6_第11页-91.PNG","duplicate_010.png","asset\\classified\\duplicates\\6_第11页-91.PNG","asset\\classified\\duplicates\\duplicate_010.png"
"duplicates","6_第11页-92.PNG","duplicate_011.png","asset\\classified\\duplicates\\6_第11页-92.PNG","asset\\classified\\duplicates\\duplicate_011.png"
"duplicates","6_第11页-93.PNG","duplicate_012.png","asset\\classified\\duplicates\\6_第11页-93.PNG","asset\\classified\\duplicates\\duplicate_012.png"
"duplicates","6_第11页-94.PNG","duplicate_013.png","asset\\classified\\duplicates\\6_第11页-94.PNG","asset\\classified\\duplicates\\duplicate_013.png"
"duplicates","6_第11页-95.PNG","duplicate_014.png","asset\\classified\\duplicates\\6_第11页-95.PNG","asset\\classified\\duplicates\\duplicate_014.png"
"duplicates","6_第11页-96.PNG","duplicate_015.png","asset\\classified\\duplicates\\6_第11页-96.PNG","asset\\classified\\duplicates\\duplicate_015.png"
"duplicates","6_第11页-97.PNG","duplicate_016.png","asset\\classified\\duplicates\\6_第11页-97.PNG","asset\\classified\\duplicates\\duplicate_016.png"
"duplicates","6_第11页-98.PNG","duplicate_017.png","asset\\classified\\duplicates\\6_第11页-98.PNG","asset\\classified\\duplicates\\duplicate_017.png"
"duplicates","6_第11页-99.PNG","duplicate_018.png","asset\\classified\\duplicates\\6_第11页-99.PNG","asset\\classified\\duplicates\\duplicate_018.png"
"duplicates","6_第12页-100.PNG","duplicate_019.png","asset\\classified\\duplicates\\6_第12页-100.PNG","asset\\classified\\duplicates\\duplicate_019.png"
"duplicates","6_第12页-101.PNG","duplicate_020.png","asset\\classified\\duplicates\\6_第12页-101.PNG","asset\\classified\\duplicates\\duplicate_020.png"
"duplicates","6_第12页-102.PNG","duplicate_021.png","asset\\classified\\duplicates\\6_第12页-102.PNG","asset\\classified\\duplicates\\duplicate_021.png"
"duplicates","6_第12页-103.PNG","duplicate_022.png","asset\\classified\\duplicates\\6_第12页-103.PNG","asset\\classified\\duplicates\\duplicate_022.png"
"duplicates","6_第12页-104.PNG","duplicate_023.png","asset\\classified\\duplicates\\6_第12页-104.PNG","asset\\classified\\duplicates\\duplicate_023.png"
"duplicates","6_第12页-105.PNG","duplicate_024.png","asset\\classified\\duplicates\\6_第12页-105.PNG","asset\\classified\\duplicates\\duplicate_024.png"
"duplicates","6_第12页-106.PNG","duplicate_025.png","asset\\classified\\duplicates\\6_第12页-106.PNG","asset\\classified\\duplicates\\duplicate_025.png"
"duplicates","6_第12页-107.PNG","duplicate_026.png","asset\\classified\\duplicates\\6_第12页-107.PNG","asset\\classified\\duplicates\\duplicate_026.png"
"duplicates","6_第12页-108.PNG","duplicate_027.png","asset\\classified\\duplicates\\6_第12页-108.PNG","asset\\classified\\duplicates\\duplicate_027.png"
"duplicates","6_第13页-109.PNG","duplicate_028.png","asset\\classified\\duplicates\\6_第13页-109.PNG","asset\\classified\\duplicates\\duplicate_028.png"
"duplicates","6_第13页-110.PNG","duplicate_029.png","asset\\classified\\duplicates\\6_第13页-110.PNG","asset\\classified\\duplicates\\duplicate_029.png"
"duplicates","6_第13页-111.PNG","duplicate_030.png","asset\\classified\\duplicates\\6_第13页-111.PNG","asset\\classified\\duplicates\\duplicate_030.png"
"duplicates","6_第13页-112.PNG","duplicate_031.png","asset\\classified\\duplicates\\6_第13页-112.PNG","asset\\classified\\duplicates\\duplicate_031.png"
"duplicates","6_第13页-113.PNG","duplicate_032.png","asset\\classified\\duplicates\\6_第13页-113.PNG","asset\\classified\\duplicates\\duplicate_032.png"
"duplicates","6_第13页-114.PNG","duplicate_033.png","asset\\classified\\duplicates\\6_第13页-114.PNG","asset\\classified\\duplicates\\duplicate_033.png"
"duplicates","6_第13页-115.PNG","duplicate_034.png","asset\\classified\\duplicates\\6_第13页-115.PNG","asset\\classified\\duplicates\\duplicate_034.png"
"duplicates","6_第13页-116.PNG","duplicate_035.png","asset\\classified\\duplicates\\6_第13页-116.PNG","asset\\classified\\duplicates\\duplicate_035.png"
"duplicates","6_第13页-117.PNG","duplicate_036.png","asset\\classified\\duplicates\\6_第13页-117.PNG","asset\\classified\\duplicates\\duplicate_036.png"
"duplicates","6_第14页-118.PNG","duplicate_037.png","asset\\classified\\duplicates\\6_第14页-118.PNG","asset\\classified\\duplicates\\duplicate_037.png"
"duplicates","6_第14页-119.PNG","duplicate_038.png","asset\\classified\\duplicates\\6_第14页-119.PNG","asset\\classified\\duplicates\\duplicate_038.png"
"duplicates","6_第14页-120.PNG","duplicate_039.png","asset\\classified\\duplicates\\6_第14页-120.PNG","asset\\classified\\duplicates\\duplicate_039.png"
"duplicates","6_第14页-121.PNG","duplicate_040.png","asset\\classified\\duplicates\\6_第14页-121.PNG","asset\\classified\\duplicates\\duplicate_040.png"
"duplicates","6_第14页-122.PNG","duplicate_041.png","asset\\classified\\duplicates\\6_第14页-122.PNG","asset\\classified\\duplicates\\duplicate_041.png"
"duplicates","6_第14页-123.PNG","duplicate_042.png","asset\\classified\\duplicates\\6_第14页-123.PNG","asset\\classified\\duplicates\\duplicate_042.png"
"duplicates","6_第14页-124.PNG","duplicate_043.png","asset\\classified\\duplicates\\6_第14页-124.PNG","asset\\classified\\duplicates\\duplicate_043.png"
"duplicates","6_第14页-125.PNG","duplicate_044.png","asset\\classified\\duplicates\\6_第14页-125.PNG","asset\\classified\\duplicates\\duplicate_044.png"
"duplicates","6_第14页-126.PNG","duplicate_045.png","asset\\classified\\duplicates\\6_第14页-126.PNG","asset\\classified\\duplicates\\duplicate_045.png"
"duplicates","6_第15页-127.PNG","duplicate_046.png","asset\\classified\\duplicates\\6_第15页-127.PNG","asset\\classified\\duplicates\\duplicate_046.png"
"duplicates","6_第15页-128.PNG","duplicate_047.png","asset\\classified\\duplicates\\6_第15页-128.PNG","asset\\classified\\duplicates\\duplicate_047.png"
"duplicates","6_第15页-129.PNG","duplicate_048.png","asset\\classified\\duplicates\\6_第15页-129.PNG","asset\\classified\\duplicates\\duplicate_048.png"
"duplicates","6_第1页-1.PNG","duplicate_049.png","asset\\classified\\duplicates\\6_第1页-1.PNG","asset\\classified\\duplicates\\duplicate_049.png"
"duplicates","6_第1页-2.PNG","duplicate_050.png","asset\\classified\\duplicates\\6_第1页-2.PNG","asset\\classified\\duplicates\\duplicate_050.png"
"duplicates","6_第1页-3.PNG","duplicate_051.png","asset\\classified\\duplicates\\6_第1页-3.PNG","asset\\classified\\duplicates\\duplicate_051.png"
"duplicates","6_第1页-4.PNG","duplicate_052.png","asset\\classified\\duplicates\\6_第1页-4.PNG","asset\\classified\\duplicates\\duplicate_052.png"
"duplicates","6_第1页-5.PNG","duplicate_053.png","asset\\classified\\duplicates\\6_第1页-5.PNG","asset\\classified\\duplicates\\duplicate_053.png"
"duplicates","6_第1页-6.PNG","duplicate_054.png","asset\\classified\\duplicates\\6_第1页-6.PNG","asset\\classified\\duplicates\\duplicate_054.png"
"duplicates","6_第1页-7.PNG","duplicate_055.png","asset\\classified\\duplicates\\6_第1页-7.PNG","asset\\classified\\duplicates\\duplicate_055.png"
"duplicates","6_第1页-8.PNG","duplicate_056.png","asset\\classified\\duplicates\\6_第1页-8.PNG","asset\\classified\\duplicates\\duplicate_056.png"
"duplicates","6_第1页-9.PNG","duplicate_057.png","asset\\classified\\duplicates\\6_第1页-9.PNG","asset\\classified\\duplicates\\duplicate_057.png"
"duplicates","6_第2页-10.PNG","duplicate_058.png","asset\\classified\\duplicates\\6_第2页-10.PNG","asset\\classified\\duplicates\\duplicate_058.png"
"duplicates","6_第2页-11.PNG","duplicate_059.png","asset\\classified\\duplicates\\6_第2页-11.PNG","asset\\classified\\duplicates\\duplicate_059.png"
"duplicates","6_第2页-12.PNG","duplicate_060.png","asset\\classified\\duplicates\\6_第2页-12.PNG","asset\\classified\\duplicates\\duplicate_060.png"
"duplicates","6_第2页-13.PNG","duplicate_061.png","asset\\classified\\duplicates\\6_第2页-13.PNG","asset\\classified\\duplicates\\duplicate_061.png"
"duplicates","6_第2页-14.PNG","duplicate_062.png","asset\\classified\\duplicates\\6_第2页-14.PNG","asset\\classified\\duplicates\\duplicate_062.png"
"duplicates","6_第2页-15.PNG","duplicate_063.png","asset\\classified\\duplicates\\6_第2页-15.PNG","asset\\classified\\duplicates\\duplicate_063.png"
"duplicates","6_第2页-16.PNG","duplicate_064.png","asset\\classified\\duplicates\\6_第2页-16.PNG","asset\\classified\\duplicates\\duplicate_064.png"
"duplicates","6_第2页-17.PNG","duplicate_065.png","asset\\classified\\duplicates\\6_第2页-17.PNG","asset\\classified\\duplicates\\duplicate_065.png"
"duplicates","6_第2页-18.PNG","duplicate_066.png","asset\\classified\\duplicates\\6_第2页-18.PNG","asset\\classified\\duplicates\\duplicate_066.png"
"duplicates","6_第3页-19.PNG","duplicate_067.png","asset\\classified\\duplicates\\6_第3页-19.PNG","asset\\classified\\duplicates\\duplicate_067.png"
"duplicates","6_第3页-20.PNG","duplicate_068.png","asset\\classified\\duplicates\\6_第3页-20.PNG","asset\\classified\\duplicates\\duplicate_068.png"
"duplicates","6_第3页-21.PNG","duplicate_069.png","asset\\classified\\duplicates\\6_第3页-21.PNG","asset\\classified\\duplicates\\duplicate_069.png"
"duplicates","6_第3页-22.PNG","duplicate_070.png","asset\\classified\\duplicates\\6_第3页-22.PNG","asset\\classified\\duplicates\\duplicate_070.png"
"duplicates","6_第3页-23.PNG","duplicate_071.png","asset\\classified\\duplicates\\6_第3页-23.PNG","asset\\classified\\duplicates\\duplicate_071.png"
"duplicates","6_第3页-24.PNG","duplicate_072.png","asset\\classified\\duplicates\\6_第3页-24.PNG","asset\\classified\\duplicates\\duplicate_072.png"
"duplicates","6_第3页-25.PNG","duplicate_073.png","asset\\classified\\duplicates\\6_第3页-25.PNG","asset\\classified\\duplicates\\duplicate_073.png"
"duplicates","6_第3页-26.PNG","duplicate_074.png","asset\\classified\\duplicates\\6_第3页-26.PNG","asset\\classified\\duplicates\\duplicate_074.png"
"duplicates","6_第3页-27.PNG","duplicate_075.png","asset\\classified\\duplicates\\6_第3页-27.PNG","asset\\classified\\duplicates\\duplicate_075.png"
"duplicates","6_第4页-28.PNG","duplicate_076.png","asset\\classified\\duplicates\\6_第4页-28.PNG","asset\\classified\\duplicates\\duplicate_076.png"
"duplicates","6_第4页-29.PNG","duplicate_077.png","asset\\classified\\duplicates\\6_第4页-29.PNG","asset\\classified\\duplicates\\duplicate_077.png"
"duplicates","6_第4页-30.PNG","duplicate_078.png","asset\\classified\\duplicates\\6_第4页-30.PNG","asset\\classified\\duplicates\\duplicate_078.png"
"duplicates","6_第4页-31.PNG","duplicate_079.png","asset\\classified\\duplicates\\6_第4页-31.PNG","asset\\classified\\duplicates\\duplicate_079.png"
"duplicates","6_第4页-32.PNG","duplicate_080.png","asset\\classified\\duplicates\\6_第4页-32.PNG","asset\\classified\\duplicates\\duplicate_080.png"
"duplicates","6_第4页-33.PNG","duplicate_081.png","asset\\classified\\duplicates\\6_第4页-33.PNG","asset\\classified\\duplicates\\duplicate_081.png"
"duplicates","6_第4页-34.PNG","duplicate_082.png","asset\\classified\\duplicates\\6_第4页-34.PNG","asset\\classified\\duplicates\\duplicate_082.png"
"duplicates","6_第4页-35.PNG","duplicate_083.png","asset\\classified\\duplicates\\6_第4页-35.PNG","asset\\classified\\duplicates\\duplicate_083.png"
"duplicates","6_第4页-36.PNG","duplicate_084.png","asset\\classified\\duplicates\\6_第4页-36.PNG","asset\\classified\\duplicates\\duplicate_084.png"
"duplicates","6_第5页-37.PNG","duplicate_085.png","asset\\classified\\duplicates\\6_第5页-37.PNG","asset\\classified\\duplicates\\duplicate_085.png"
"duplicates","6_第5页-38.PNG","duplicate_086.png","asset\\classified\\duplicates\\6_第5页-38.PNG","asset\\classified\\duplicates\\duplicate_086.png"
"duplicates","6_第5页-39.PNG","duplicate_087.png","asset\\classified\\duplicates\\6_第5页-39.PNG","asset\\classified\\duplicates\\duplicate_087.png"
"duplicates","6_第5页-40.PNG","duplicate_088.png","asset\\classified\\duplicates\\6_第5页-40.PNG","asset\\classified\\duplicates\\duplicate_088.png"
"duplicates","6_第5页-41.PNG","duplicate_089.png","asset\\classified\\duplicates\\6_第5页-41.PNG","asset\\classified\\duplicates\\duplicate_089.png"
"duplicates","6_第5页-42.PNG","duplicate_090.png","asset\\classified\\duplicates\\6_第5页-42.PNG","asset\\classified\\duplicates\\duplicate_090.png"
"duplicates","6_第5页-43.PNG","duplicate_091.png","asset\\classified\\duplicates\\6_第5页-43.PNG","asset\\classified\\duplicates\\duplicate_091.png"
"duplicates","6_第5页-44.PNG","duplicate_092.png","asset\\classified\\duplicates\\6_第5页-44.PNG","asset\\classified\\duplicates\\duplicate_092.png"
"duplicates","6_第5页-45.PNG","duplicate_093.png","asset\\classified\\duplicates\\6_第5页-45.PNG","asset\\classified\\duplicates\\duplicate_093.png"
"duplicates","6_第6页-46.PNG","duplicate_094.png","asset\\classified\\duplicates\\6_第6页-46.PNG","asset\\classified\\duplicates\\duplicate_094.png"
"duplicates","6_第6页-47.PNG","duplicate_095.png","asset\\classified\\duplicates\\6_第6页-47.PNG","asset\\classified\\duplicates\\duplicate_095.png"
"duplicates","6_第6页-48.PNG","duplicate_096.png","asset\\classified\\duplicates\\6_第6页-48.PNG","asset\\classified\\duplicates\\duplicate_096.png"
"duplicates","6_第6页-49.PNG","duplicate_097.png","asset\\classified\\duplicates\\6_第6页-49.PNG","asset\\classified\\duplicates\\duplicate_097.png"
"duplicates","6_第6页-50.PNG","duplicate_098.png","asset\\classified\\duplicates\\6_第6页-50.PNG","asset\\classified\\duplicates\\duplicate_098.png"
"duplicates","6_第6页-51.PNG","duplicate_099.png","asset\\classified\\duplicates\\6_第6页-51.PNG","asset\\classified\\duplicates\\duplicate_099.png"
"duplicates","6_第6页-52.PNG","duplicate_100.png","asset\\classified\\duplicates\\6_第6页-52.PNG","asset\\classified\\duplicates\\duplicate_100.png"
"duplicates","6_第6页-53.PNG","duplicate_101.png","asset\\classified\\duplicates\\6_第6页-53.PNG","asset\\classified\\duplicates\\duplicate_101.png"
"duplicates","6_第6页-54.PNG","duplicate_102.png","asset\\classified\\duplicates\\6_第6页-54.PNG","asset\\classified\\duplicates\\duplicate_102.png"
"duplicates","6_第7页-55.PNG","duplicate_103.png","asset\\classified\\duplicates\\6_第7页-55.PNG","asset\\classified\\duplicates\\duplicate_103.png"
"duplicates","6_第7页-56.PNG","duplicate_104.png","asset\\classified\\duplicates\\6_第7页-56.PNG","asset\\classified\\duplicates\\duplicate_104.png"
"duplicates","6_第7页-57.PNG","duplicate_105.png","asset\\classified\\duplicates\\6_第7页-57.PNG","asset\\classified\\duplicates\\duplicate_105.png"
"duplicates","6_第7页-58.PNG","duplicate_106.png","asset\\classified\\duplicates\\6_第7页-58.PNG","asset\\classified\\duplicates\\duplicate_106.png"
"duplicates","6_第7页-59.PNG","duplicate_107.png","asset\\classified\\duplicates\\6_第7页-59.PNG","asset\\classified\\duplicates\\duplicate_107.png"
"duplicates","6_第7页-60.PNG","duplicate_108.png","asset\\classified\\duplicates\\6_第7页-60.PNG","asset\\classified\\duplicates\\duplicate_108.png"
"duplicates","6_第7页-61.PNG","duplicate_109.png","asset\\classified\\duplicates\\6_第7页-61.PNG","asset\\classified\\duplicates\\duplicate_109.png"
"duplicates","6_第7页-62.PNG","duplicate_110.png","asset\\classified\\duplicates\\6_第7页-62.PNG","asset\\classified\\duplicates\\duplicate_110.png"
"duplicates","6_第7页-63.PNG","duplicate_111.png","asset\\classified\\duplicates\\6_第7页-63.PNG","asset\\classified\\duplicates\\duplicate_111.png"
"duplicates","6_第8页-64.PNG","duplicate_112.png","asset\\classified\\duplicates\\6_第8页-64.PNG","asset\\classified\\duplicates\\duplicate_112.png"
"duplicates","6_第8页-65.PNG","duplicate_113.png","asset\\classified\\duplicates\\6_第8页-65.PNG","asset\\classified\\duplicates\\duplicate_113.png"
"duplicates","6_第8页-66.PNG","duplicate_114.png","asset\\classified\\duplicates\\6_第8页-66.PNG","asset\\classified\\duplicates\\duplicate_114.png"
"duplicates","6_第8页-67.PNG","duplicate_115.png","asset\\classified\\duplicates\\6_第8页-67.PNG","asset\\classified\\duplicates\\duplicate_115.png"
"duplicates","6_第8页-68.PNG","duplicate_116.png","asset\\classified\\duplicates\\6_第8页-68.PNG","asset\\classified\\duplicates\\duplicate_116.png"
"duplicates","6_第8页-69.PNG","duplicate_117.png","asset\\classified\\duplicates\\6_第8页-69.PNG","asset\\classified\\duplicates\\duplicate_117.png"
"duplicates","6_第8页-70.PNG","duplicate_118.png","asset\\classified\\duplicates\\6_第8页-70.PNG","asset\\classified\\duplicates\\duplicate_118.png"
"duplicates","6_第8页-71.PNG","duplicate_119.png","asset\\classified\\duplicates\\6_第8页-71.PNG","asset\\classified\\duplicates\\duplicate_119.png"
"duplicates","6_第8页-72.PNG","duplicate_120.png","asset\\classified\\duplicates\\6_第8页-72.PNG","asset\\classified\\duplicates\\duplicate_120.png"
"duplicates","6_第9页-73.PNG","duplicate_121.png","asset\\classified\\duplicates\\6_第9页-73.PNG","asset\\classified\\duplicates\\duplicate_121.png"
"duplicates","6_第9页-74.PNG","duplicate_122.png","asset\\classified\\duplicates\\6_第9页-74.PNG","asset\\classified\\duplicates\\duplicate_122.png"
"duplicates","6_第9页-75.PNG","duplicate_123.png","asset\\classified\\duplicates\\6_第9页-75.PNG","asset\\classified\\duplicates\\duplicate_123.png"
"duplicates","6_第9页-76.PNG","duplicate_124.png","asset\\classified\\duplicates\\6_第9页-76.PNG","asset\\classified\\duplicates\\duplicate_124.png"
"duplicates","6_第9页-77.PNG","duplicate_125.png","asset\\classified\\duplicates\\6_第9页-77.PNG","asset\\classified\\duplicates\\duplicate_125.png"
"duplicates","6_第9页-78.PNG","duplicate_126.png","asset\\classified\\duplicates\\6_第9页-78.PNG","asset\\classified\\duplicates\\duplicate_126.png"
"duplicates","6_第9页-79.PNG","duplicate_127.png","asset\\classified\\duplicates\\6_第9页-79.PNG","asset\\classified\\duplicates\\duplicate_127.png"
"duplicates","6_第9页-80.PNG","duplicate_128.png","asset\\classified\\duplicates\\6_第9页-80.PNG","asset\\classified\\duplicates\\duplicate_128.png"
"duplicates","6_第9页-81.PNG","duplicate_129.png","asset\\classified\\duplicates\\6_第9页-81.PNG","asset\\classified\\duplicates\\duplicate_129.png"
"duplicates","7_第10页-52__2.PNG","duplicate_130.png","asset\\classified\\duplicates\\7_第10页-52__2.PNG","asset\\classified\\duplicates\\duplicate_130.png"
"duplicates","7_第10页-52__3.PNG","duplicate_131.png","asset\\classified\\duplicates\\7_第10页-52__3.PNG","asset\\classified\\duplicates\\duplicate_131.png"
"duplicates","7_第10页-52.PNG","duplicate_132.png","asset\\classified\\duplicates\\7_第10页-52.PNG","asset\\classified\\duplicates\\duplicate_132.png"
"duplicates","7_第10页-53__2.PNG","duplicate_133.png","asset\\classified\\duplicates\\7_第10页-53__2.PNG","asset\\classified\\duplicates\\duplicate_133.png"
"duplicates","7_第10页-53__3.PNG","duplicate_134.png","asset\\classified\\duplicates\\7_第10页-53__3.PNG","asset\\classified\\duplicates\\duplicate_134.png"
"duplicates","7_第10页-53.PNG","duplicate_135.png","asset\\classified\\duplicates\\7_第10页-53.PNG","asset\\classified\\duplicates\\duplicate_135.png"
"duplicates","7_第10页-54__2.PNG","duplicate_136.png","asset\\classified\\duplicates\\7_第10页-54__2.PNG","asset\\classified\\duplicates\\duplicate_136.png"
"duplicates","7_第10页-54__3.PNG","duplicate_137.png","asset\\classified\\duplicates\\7_第10页-54__3.PNG","asset\\classified\\duplicates\\duplicate_137.png"
"duplicates","7_第10页-54.PNG","duplicate_138.png","asset\\classified\\duplicates\\7_第10页-54.PNG","asset\\classified\\duplicates\\duplicate_138.png"
"duplicates","7_第10页-55__2.PNG","duplicate_139.png","asset\\classified\\duplicates\\7_第10页-55__2.PNG","asset\\classified\\duplicates\\duplicate_139.png"
"duplicates","7_第10页-55__3.PNG","duplicate_140.png","asset\\classified\\duplicates\\7_第10页-55__3.PNG","asset\\classified\\duplicates\\duplicate_140.png"
"duplicates","7_第10页-55.PNG","duplicate_141.png","asset\\classified\\duplicates\\7_第10页-55.PNG","asset\\classified\\duplicates\\duplicate_141.png"
"duplicates","7_第10页-56__2.PNG","duplicate_142.png","asset\\classified\\duplicates\\7_第10页-56__2.PNG","asset\\classified\\duplicates\\duplicate_142.png"
"duplicates","7_第10页-56__3.PNG","duplicate_143.png","asset\\classified\\duplicates\\7_第10页-56__3.PNG","asset\\classified\\duplicates\\duplicate_143.png"
"duplicates","7_第10页-56.PNG","duplicate_144.png","asset\\classified\\duplicates\\7_第10页-56.PNG","asset\\classified\\duplicates\\duplicate_144.png"
"duplicates","7_第10页-57__2.PNG","duplicate_145.png","asset\\classified\\duplicates\\7_第10页-57__2.PNG","asset\\classified\\duplicates\\duplicate_145.png"
"duplicates","7_第10页-57__3.PNG","duplicate_146.png","asset\\classified\\duplicates\\7_第10页-57__3.PNG","asset\\classified\\duplicates\\duplicate_146.png"
"duplicates","7_第10页-57.PNG","duplicate_147.png","asset\\classified\\duplicates\\7_第10页-57.PNG","asset\\classified\\duplicates\\duplicate_147.png"
"duplicates","7_第10页-58__2.PNG","duplicate_148.png","asset\\classified\\duplicates\\7_第10页-58__2.PNG","asset\\classified\\duplicates\\duplicate_148.png"
"duplicates","7_第10页-58__3.PNG","duplicate_149.png","asset\\classified\\duplicates\\7_第10页-58__3.PNG","asset\\classified\\duplicates\\duplicate_149.png"
"duplicates","7_第10页-58.PNG","duplicate_150.png","asset\\classified\\duplicates\\7_第10页-58.PNG","asset\\classified\\duplicates\\duplicate_150.png"
"duplicates","7_第1页-1__2.PNG","duplicate_151.png","asset\\classified\\duplicates\\7_第1页-1__2.PNG","asset\\classified\\duplicates\\duplicate_151.png"
"duplicates","7_第1页-1__3.PNG","duplicate_152.png","asset\\classified\\duplicates\\7_第1页-1__3.PNG","asset\\classified\\duplicates\\duplicate_152.png"
"duplicates","7_第1页-1.PNG","duplicate_153.png","asset\\classified\\duplicates\\7_第1页-1.PNG","asset\\classified\\duplicates\\duplicate_153.png"
"duplicates","7_第2页-2__2.PNG","duplicate_154.png","asset\\classified\\duplicates\\7_第2页-2__2.PNG","asset\\classified\\duplicates\\duplicate_154.png"
"duplicates","7_第2页-2__3.PNG","duplicate_155.png","asset\\classified\\duplicates\\7_第2页-2__3.PNG","asset\\classified\\duplicates\\duplicate_155.png"
"duplicates","7_第2页-2.PNG","duplicate_156.png","asset\\classified\\duplicates\\7_第2页-2.PNG","asset\\classified\\duplicates\\duplicate_156.png"
"duplicates","7_第3页-3__2.PNG","duplicate_157.png","asset\\classified\\duplicates\\7_第3页-3__2.PNG","asset\\classified\\duplicates\\duplicate_157.png"
"duplicates","7_第3页-3__3.PNG","duplicate_158.png","asset\\classified\\duplicates\\7_第3页-3__3.PNG","asset\\classified\\duplicates\\duplicate_158.png"
"duplicates","7_第3页-3.PNG","duplicate_159.png","asset\\classified\\duplicates\\7_第3页-3.PNG","asset\\classified\\duplicates\\duplicate_159.png"
"duplicates","7_第3页-4__2.PNG","duplicate_160.png","asset\\classified\\duplicates\\7_第3页-4__2.PNG","asset\\classified\\duplicates\\duplicate_160.png"
"duplicates","7_第3页-4__3.PNG","duplicate_161.png","asset\\classified\\duplicates\\7_第3页-4__3.PNG","asset\\classified\\duplicates\\duplicate_161.png"
"duplicates","7_第3页-4.PNG","duplicate_162.png","asset\\classified\\duplicates\\7_第3页-4.PNG","asset\\classified\\duplicates\\duplicate_162.png"
"duplicates","7_第4页-5__2.PNG","duplicate_163.png","asset\\classified\\duplicates\\7_第4页-5__2.PNG","asset\\classified\\duplicates\\duplicate_163.png"
"duplicates","7_第4页-5__3.PNG","duplicate_164.png","asset\\classified\\duplicates\\7_第4页-5__3.PNG","asset\\classified\\duplicates\\duplicate_164.png"
"duplicates","7_第4页-5.PNG","duplicate_165.png","asset\\classified\\duplicates\\7_第4页-5.PNG","asset\\classified\\duplicates\\duplicate_165.png"
"duplicates","7_第4页-6__2.PNG","duplicate_166.png","asset\\classified\\duplicates\\7_第4页-6__2.PNG","asset\\classified\\duplicates\\duplicate_166.png"
"duplicates","7_第4页-6__3.PNG","duplicate_167.png","asset\\classified\\duplicates\\7_第4页-6__3.PNG","asset\\classified\\duplicates\\duplicate_167.png"
"duplicates","7_第4页-6.PNG","duplicate_168.png","asset\\classified\\duplicates\\7_第4页-6.PNG","asset\\classified\\duplicates\\duplicate_168.png"
"duplicates","7_第5页-10__2.PNG","duplicate_169.png","asset\\classified\\duplicates\\7_第5页-10__2.PNG","asset\\classified\\duplicates\\duplicate_169.png"
"duplicates","7_第5页-10__3.PNG","duplicate_170.png","asset\\classified\\duplicates\\7_第5页-10__3.PNG","asset\\classified\\duplicates\\duplicate_170.png"
"duplicates","7_第5页-10.PNG","duplicate_171.png","asset\\classified\\duplicates\\7_第5页-10.PNG","asset\\classified\\duplicates\\duplicate_171.png"
"duplicates","7_第5页-11__2.PNG","duplicate_172.png","asset\\classified\\duplicates\\7_第5页-11__2.PNG","asset\\classified\\duplicates\\duplicate_172.png"
"duplicates","7_第5页-11__3.PNG","duplicate_173.png","asset\\classified\\duplicates\\7_第5页-11__3.PNG","asset\\classified\\duplicates\\duplicate_173.png"
"duplicates","7_第5页-11.PNG","duplicate_174.png","asset\\classified\\duplicates\\7_第5页-11.PNG","asset\\classified\\duplicates\\duplicate_174.png"
"duplicates","7_第5页-12__2.PNG","duplicate_175.png","asset\\classified\\duplicates\\7_第5页-12__2.PNG","asset\\classified\\duplicates\\duplicate_175.png"
"duplicates","7_第5页-12__3.PNG","duplicate_176.png","asset\\classified\\duplicates\\7_第5页-12__3.PNG","asset\\classified\\duplicates\\duplicate_176.png"
"duplicates","7_第5页-12.PNG","duplicate_177.png","asset\\classified\\duplicates\\7_第5页-12.PNG","asset\\classified\\duplicates\\duplicate_177.png"
"duplicates","7_第5页-13__2.PNG","duplicate_178.png","asset\\classified\\duplicates\\7_第5页-13__2.PNG","asset\\classified\\duplicates\\duplicate_178.png"
"duplicates","7_第5页-13__3.PNG","duplicate_179.png","asset\\classified\\duplicates\\7_第5页-13__3.PNG","asset\\classified\\duplicates\\duplicate_179.png"
"duplicates","7_第5页-13.PNG","duplicate_180.png","asset\\classified\\duplicates\\7_第5页-13.PNG","asset\\classified\\duplicates\\duplicate_180.png"
"duplicates","7_第5页-14__2.PNG","duplicate_181.png","asset\\classified\\duplicates\\7_第5页-14__2.PNG","asset\\classified\\duplicates\\duplicate_181.png"
"duplicates","7_第5页-14__3.PNG","duplicate_182.png","asset\\classified\\duplicates\\7_第5页-14__3.PNG","asset\\classified\\duplicates\\duplicate_182.png"
"duplicates","7_第5页-14.PNG","duplicate_183.png","asset\\classified\\duplicates\\7_第5页-14.PNG","asset\\classified\\duplicates\\duplicate_183.png"
"duplicates","7_第5页-15__2.PNG","duplicate_184.png","asset\\classified\\duplicates\\7_第5页-15__2.PNG","asset\\classified\\duplicates\\duplicate_184.png"
"duplicates","7_第5页-15__3.PNG","duplicate_185.png","asset\\classified\\duplicates\\7_第5页-15__3.PNG","asset\\classified\\duplicates\\duplicate_185.png"
"duplicates","7_第5页-15.PNG","duplicate_186.png","asset\\classified\\duplicates\\7_第5页-15.PNG","asset\\classified\\duplicates\\duplicate_186.png"
"duplicates","7_第5页-7__2.PNG","duplicate_187.png","asset\\classified\\duplicates\\7_第5页-7__2.PNG","asset\\classified\\duplicates\\duplicate_187.png"
"duplicates","7_第5页-7__3.PNG","duplicate_188.png","asset\\classified\\duplicates\\7_第5页-7__3.PNG","asset\\classified\\duplicates\\duplicate_188.png"
"duplicates","7_第5页-7.PNG","duplicate_189.png","asset\\classified\\duplicates\\7_第5页-7.PNG","asset\\classified\\duplicates\\duplicate_189.png"
"duplicates","7_第5页-8__2.PNG","duplicate_190.png","asset\\classified\\duplicates\\7_第5页-8__2.PNG","asset\\classified\\duplicates\\duplicate_190.png"
"duplicates","7_第5页-8__3.PNG","duplicate_191.png","asset\\classified\\duplicates\\7_第5页-8__3.PNG","asset\\classified\\duplicates\\duplicate_191.png"
"duplicates","7_第5页-8.PNG","duplicate_192.png","asset\\classified\\duplicates\\7_第5页-8.PNG","asset\\classified\\duplicates\\duplicate_192.png"
"duplicates","7_第5页-9__2.PNG","duplicate_193.png","asset\\classified\\duplicates\\7_第5页-9__2.PNG","asset\\classified\\duplicates\\duplicate_193.png"
"duplicates","7_第5页-9__3.PNG","duplicate_194.png","asset\\classified\\duplicates\\7_第5页-9__3.PNG","asset\\classified\\duplicates\\duplicate_194.png"
"duplicates","7_第5页-9.PNG","duplicate_195.png","asset\\classified\\duplicates\\7_第5页-9.PNG","asset\\classified\\duplicates\\duplicate_195.png"
"duplicates","7_第6页-16__2.PNG","duplicate_196.png","asset\\classified\\duplicates\\7_第6页-16__2.PNG","asset\\classified\\duplicates\\duplicate_196.png"
"duplicates","7_第6页-16__3.PNG","duplicate_197.png","asset\\classified\\duplicates\\7_第6页-16__3.PNG","asset\\classified\\duplicates\\duplicate_197.png"
"duplicates","7_第6页-16.PNG","duplicate_198.png","asset\\classified\\duplicates\\7_第6页-16.PNG","asset\\classified\\duplicates\\duplicate_198.png"
"duplicates","7_第6页-17__2.PNG","duplicate_199.png","asset\\classified\\duplicates\\7_第6页-17__2.PNG","asset\\classified\\duplicates\\duplicate_199.png"
"duplicates","7_第6页-17__3.PNG","duplicate_200.png","asset\\classified\\duplicates\\7_第6页-17__3.PNG","asset\\classified\\duplicates\\duplicate_200.png"
"duplicates","7_第6页-17.PNG","duplicate_201.png","asset\\classified\\duplicates\\7_第6页-17.PNG","asset\\classified\\duplicates\\duplicate_201.png"
"duplicates","7_第6页-18__2.PNG","duplicate_202.png","asset\\classified\\duplicates\\7_第6页-18__2.PNG","asset\\classified\\duplicates\\duplicate_202.png"
"duplicates","7_第6页-18__3.PNG","duplicate_203.png","asset\\classified\\duplicates\\7_第6页-18__3.PNG","asset\\classified\\duplicates\\duplicate_203.png"
"duplicates","7_第6页-18.PNG","duplicate_204.png","asset\\classified\\duplicates\\7_第6页-18.PNG","asset\\classified\\duplicates\\duplicate_204.png"
"duplicates","7_第6页-19__2.PNG","duplicate_205.png","asset\\classified\\duplicates\\7_第6页-19__2.PNG","asset\\classified\\duplicates\\duplicate_205.png"
"duplicates","7_第6页-19__3.PNG","duplicate_206.png","asset\\classified\\duplicates\\7_第6页-19__3.PNG","asset\\classified\\duplicates\\duplicate_206.png"
"duplicates","7_第6页-19.PNG","duplicate_207.png","asset\\classified\\duplicates\\7_第6页-19.PNG","asset\\classified\\duplicates\\duplicate_207.png"
"duplicates","7_第6页-20__2.PNG","duplicate_208.png","asset\\classified\\duplicates\\7_第6页-20__2.PNG","asset\\classified\\duplicates\\duplicate_208.png"
"duplicates","7_第6页-20__3.PNG","duplicate_209.png","asset\\classified\\duplicates\\7_第6页-20__3.PNG","asset\\classified\\duplicates\\duplicate_209.png"
"duplicates","7_第6页-20.PNG","duplicate_210.png","asset\\classified\\duplicates\\7_第6页-20.PNG","asset\\classified\\duplicates\\duplicate_210.png"
"duplicates","7_第6页-21__2.PNG","duplicate_211.png","asset\\classified\\duplicates\\7_第6页-21__2.PNG","asset\\classified\\duplicates\\duplicate_211.png"
"duplicates","7_第6页-21__3.PNG","duplicate_212.png","asset\\classified\\duplicates\\7_第6页-21__3.PNG","asset\\classified\\duplicates\\duplicate_212.png"
"duplicates","7_第6页-21.PNG","duplicate_213.png","asset\\classified\\duplicates\\7_第6页-21.PNG","asset\\classified\\duplicates\\duplicate_213.png"
"duplicates","7_第6页-22__2.PNG","duplicate_214.png","asset\\classified\\duplicates\\7_第6页-22__2.PNG","asset\\classified\\duplicates\\duplicate_214.png"
"duplicates","7_第6页-22__3.PNG","duplicate_215.png","asset\\classified\\duplicates\\7_第6页-22__3.PNG","asset\\classified\\duplicates\\duplicate_215.png"
"duplicates","7_第6页-22.PNG","duplicate_216.png","asset\\classified\\duplicates\\7_第6页-22.PNG","asset\\classified\\duplicates\\duplicate_216.png"
"duplicates","7_第6页-23__2.PNG","duplicate_217.png","asset\\classified\\duplicates\\7_第6页-23__2.PNG","asset\\classified\\duplicates\\duplicate_217.png"
"duplicates","7_第6页-23__3.PNG","duplicate_218.png","asset\\classified\\duplicates\\7_第6页-23__3.PNG","asset\\classified\\duplicates\\duplicate_218.png"
"duplicates","7_第6页-23.PNG","duplicate_219.png","asset\\classified\\duplicates\\7_第6页-23.PNG","asset\\classified\\duplicates\\duplicate_219.png"
"duplicates","7_第6页-24__2.PNG","duplicate_220.png","asset\\classified\\duplicates\\7_第6页-24__2.PNG","asset\\classified\\duplicates\\duplicate_220.png"
"duplicates","7_第6页-24__3.PNG","duplicate_221.png","asset\\classified\\duplicates\\7_第6页-24__3.PNG","asset\\classified\\duplicates\\duplicate_221.png"
"duplicates","7_第6页-24.PNG","duplicate_222.png","asset\\classified\\duplicates\\7_第6页-24.PNG","asset\\classified\\duplicates\\duplicate_222.png"
"duplicates","7_第7页-25__2.PNG","duplicate_223.png","asset\\classified\\duplicates\\7_第7页-25__2.PNG","asset\\classified\\duplicates\\duplicate_223.png"
"duplicates","7_第7页-25__3.PNG","duplicate_224.png","asset\\classified\\duplicates\\7_第7页-25__3.PNG","asset\\classified\\duplicates\\duplicate_224.png"
"duplicates","7_第7页-25.PNG","duplicate_225.png","asset\\classified\\duplicates\\7_第7页-25.PNG","asset\\classified\\duplicates\\duplicate_225.png"
"duplicates","7_第7页-26__2.PNG","duplicate_226.png","asset\\classified\\duplicates\\7_第7页-26__2.PNG","asset\\classified\\duplicates\\duplicate_226.png"
"duplicates","7_第7页-26__3.PNG","duplicate_227.png","asset\\classified\\duplicates\\7_第7页-26__3.PNG","asset\\classified\\duplicates\\duplicate_227.png"
"duplicates","7_第7页-26.PNG","duplicate_228.png","asset\\classified\\duplicates\\7_第7页-26.PNG","asset\\classified\\duplicates\\duplicate_228.png"
"duplicates","7_第7页-27__2.PNG","duplicate_229.png","asset\\classified\\duplicates\\7_第7页-27__2.PNG","asset\\classified\\duplicates\\duplicate_229.png"
"duplicates","7_第7页-27__3.PNG","duplicate_230.png","asset\\classified\\duplicates\\7_第7页-27__3.PNG","asset\\classified\\duplicates\\duplicate_230.png"
"duplicates","7_第7页-27.PNG","duplicate_231.png","asset\\classified\\duplicates\\7_第7页-27.PNG","asset\\classified\\duplicates\\duplicate_231.png"
"duplicates","7_第7页-28__2.PNG","duplicate_232.png","asset\\classified\\duplicates\\7_第7页-28__2.PNG","asset\\classified\\duplicates\\duplicate_232.png"
"duplicates","7_第7页-28__3.PNG","duplicate_233.png","asset\\classified\\duplicates\\7_第7页-28__3.PNG","asset\\classified\\duplicates\\duplicate_233.png"
"duplicates","7_第7页-28.PNG","duplicate_234.png","asset\\classified\\duplicates\\7_第7页-28.PNG","asset\\classified\\duplicates\\duplicate_234.png"
"duplicates","7_第7页-29__2.PNG","duplicate_235.png","asset\\classified\\duplicates\\7_第7页-29__2.PNG","asset\\classified\\duplicates\\duplicate_235.png"
"duplicates","7_第7页-29__3.PNG","duplicate_236.png","asset\\classified\\duplicates\\7_第7页-29__3.PNG","asset\\classified\\duplicates\\duplicate_236.png"
"duplicates","7_第7页-29.PNG","duplicate_237.png","asset\\classified\\duplicates\\7_第7页-29.PNG","asset\\classified\\duplicates\\duplicate_237.png"
"duplicates","7_第7页-30__2.PNG","duplicate_238.png","asset\\classified\\duplicates\\7_第7页-30__2.PNG","asset\\classified\\duplicates\\duplicate_238.png"
"duplicates","7_第7页-30__3.PNG","duplicate_239.png","asset\\classified\\duplicates\\7_第7页-30__3.PNG","asset\\classified\\duplicates\\duplicate_239.png"
"duplicates","7_第7页-30.PNG","duplicate_240.png","asset\\classified\\duplicates\\7_第7页-30.PNG","asset\\classified\\duplicates\\duplicate_240.png"
"duplicates","7_第7页-31__2.PNG","duplicate_241.png","asset\\classified\\duplicates\\7_第7页-31__2.PNG","asset\\classified\\duplicates\\duplicate_241.png"
"duplicates","7_第7页-31__3.PNG","duplicate_242.png","asset\\classified\\duplicates\\7_第7页-31__3.PNG","asset\\classified\\duplicates\\duplicate_242.png"
"duplicates","7_第7页-31.PNG","duplicate_243.png","asset\\classified\\duplicates\\7_第7页-31.PNG","asset\\classified\\duplicates\\duplicate_243.png"
"duplicates","7_第7页-32__2.PNG","duplicate_244.png","asset\\classified\\duplicates\\7_第7页-32__2.PNG","asset\\classified\\duplicates\\duplicate_244.png"
"duplicates","7_第7页-32__3.PNG","duplicate_245.png","asset\\classified\\duplicates\\7_第7页-32__3.PNG","asset\\classified\\duplicates\\duplicate_245.png"
"duplicates","7_第7页-32.PNG","duplicate_246.png","asset\\classified\\duplicates\\7_第7页-32.PNG","asset\\classified\\duplicates\\duplicate_246.png"
"duplicates","7_第7页-33__2.PNG","duplicate_247.png","asset\\classified\\duplicates\\7_第7页-33__2.PNG","asset\\classified\\duplicates\\duplicate_247.png"
"duplicates","7_第7页-33__3.PNG","duplicate_248.png","asset\\classified\\duplicates\\7_第7页-33__3.PNG","asset\\classified\\duplicates\\duplicate_248.png"
"duplicates","7_第7页-33.PNG","duplicate_249.png","asset\\classified\\duplicates\\7_第7页-33.PNG","asset\\classified\\duplicates\\duplicate_249.png"
"duplicates","7_第8页-34__2.PNG","duplicate_250.png","asset\\classified\\duplicates\\7_第8页-34__2.PNG","asset\\classified\\duplicates\\duplicate_250.png"
"duplicates","7_第8页-34__3.PNG","duplicate_251.png","asset\\classified\\duplicates\\7_第8页-34__3.PNG","asset\\classified\\duplicates\\duplicate_251.png"
"duplicates","7_第8页-34.PNG","duplicate_252.png","asset\\classified\\duplicates\\7_第8页-34.PNG","asset\\classified\\duplicates\\duplicate_252.png"
"duplicates","7_第8页-35__2.PNG","duplicate_253.png","asset\\classified\\duplicates\\7_第8页-35__2.PNG","asset\\classified\\duplicates\\duplicate_253.png"
"duplicates","7_第8页-35__3.PNG","duplicate_254.png","asset\\classified\\duplicates\\7_第8页-35__3.PNG","asset\\classified\\duplicates\\duplicate_254.png"
"duplicates","7_第8页-35.PNG","duplicate_255.png","asset\\classified\\duplicates\\7_第8页-35.PNG","asset\\classified\\duplicates\\duplicate_255.png"
"duplicates","7_第8页-36__2.PNG","duplicate_256.png","asset\\classified\\duplicates\\7_第8页-36__2.PNG","asset\\classified\\duplicates\\duplicate_256.png"
"duplicates","7_第8页-36__3.PNG","duplicate_257.png","asset\\classified\\duplicates\\7_第8页-36__3.PNG","asset\\classified\\duplicates\\duplicate_257.png"
"duplicates","7_第8页-36.PNG","duplicate_258.png","asset\\classified\\duplicates\\7_第8页-36.PNG","asset\\classified\\duplicates\\duplicate_258.png"
"duplicates","7_第8页-37__2.PNG","duplicate_259.png","asset\\classified\\duplicates\\7_第8页-37__2.PNG","asset\\classified\\duplicates\\duplicate_259.png"
"duplicates","7_第8页-37__3.PNG","duplicate_260.png","asset\\classified\\duplicates\\7_第8页-37__3.PNG","asset\\classified\\duplicates\\duplicate_260.png"
"duplicates","7_第8页-37.PNG","duplicate_261.png","asset\\classified\\duplicates\\7_第8页-37.PNG","asset\\classified\\duplicates\\duplicate_261.png"
"duplicates","7_第8页-38__2.PNG","duplicate_262.png","asset\\classified\\duplicates\\7_第8页-38__2.PNG","asset\\classified\\duplicates\\duplicate_262.png"
"duplicates","7_第8页-38__3.PNG","duplicate_263.png","asset\\classified\\duplicates\\7_第8页-38__3.PNG","asset\\classified\\duplicates\\duplicate_263.png"
"duplicates","7_第8页-38.PNG","duplicate_264.png","asset\\classified\\duplicates\\7_第8页-38.PNG","asset\\classified\\duplicates\\duplicate_264.png"
"duplicates","7_第8页-39__2.PNG","duplicate_265.png","asset\\classified\\duplicates\\7_第8页-39__2.PNG","asset\\classified\\duplicates\\duplicate_265.png"
"duplicates","7_第8页-39__3.PNG","duplicate_266.png","asset\\classified\\duplicates\\7_第8页-39__3.PNG","asset\\classified\\duplicates\\duplicate_266.png"
"duplicates","7_第8页-39.PNG","duplicate_267.png","asset\\classified\\duplicates\\7_第8页-39.PNG","asset\\classified\\duplicates\\duplicate_267.png"
"duplicates","7_第8页-40__2.PNG","duplicate_268.png","asset\\classified\\duplicates\\7_第8页-40__2.PNG","asset\\classified\\duplicates\\duplicate_268.png"
"duplicates","7_第8页-40__3.PNG","duplicate_269.png","asset\\classified\\duplicates\\7_第8页-40__3.PNG","asset\\classified\\duplicates\\duplicate_269.png"
"duplicates","7_第8页-40.PNG","duplicate_270.png","asset\\classified\\duplicates\\7_第8页-40.PNG","asset\\classified\\duplicates\\duplicate_270.png"
"duplicates","7_第8页-41__2.PNG","duplicate_271.png","asset\\classified\\duplicates\\7_第8页-41__2.PNG","asset\\classified\\duplicates\\duplicate_271.png"
"duplicates","7_第8页-41__3.PNG","duplicate_272.png","asset\\classified\\duplicates\\7_第8页-41__3.PNG","asset\\classified\\duplicates\\duplicate_272.png"
"duplicates","7_第8页-41.PNG","duplicate_273.png","asset\\classified\\duplicates\\7_第8页-41.PNG","asset\\classified\\duplicates\\duplicate_273.png"
"duplicates","7_第8页-42__2.PNG","duplicate_274.png","asset\\classified\\duplicates\\7_第8页-42__2.PNG","asset\\classified\\duplicates\\duplicate_274.png"
"duplicates","7_第8页-42__3.PNG","duplicate_275.png","asset\\classified\\duplicates\\7_第8页-42__3.PNG","asset\\classified\\duplicates\\duplicate_275.png"
"duplicates","7_第8页-42.PNG","duplicate_276.png","asset\\classified\\duplicates\\7_第8页-42.PNG","asset\\classified\\duplicates\\duplicate_276.png"
"duplicates","7_第9页-43__2.PNG","duplicate_277.png","asset\\classified\\duplicates\\7_第9页-43__2.PNG","asset\\classified\\duplicates\\duplicate_277.png"
"duplicates","7_第9页-43__3.PNG","duplicate_278.png","asset\\classified\\duplicates\\7_第9页-43__3.PNG","asset\\classified\\duplicates\\duplicate_278.png"
"duplicates","7_第9页-43.PNG","duplicate_279.png","asset\\classified\\duplicates\\7_第9页-43.PNG","asset\\classified\\duplicates\\duplicate_279.png"
"duplicates","7_第9页-44__2.PNG","duplicate_280.png","asset\\classified\\duplicates\\7_第9页-44__2.PNG","asset\\classified\\duplicates\\duplicate_280.png"
"duplicates","7_第9页-44__3.PNG","duplicate_281.png","asset\\classified\\duplicates\\7_第9页-44__3.PNG","asset\\classified\\duplicates\\duplicate_281.png"
"duplicates","7_第9页-44.PNG","duplicate_282.png","asset\\classified\\duplicates\\7_第9页-44.PNG","asset\\classified\\duplicates\\duplicate_282.png"
"duplicates","7_第9页-45__2.PNG","duplicate_283.png","asset\\classified\\duplicates\\7_第9页-45__2.PNG","asset\\classified\\duplicates\\duplicate_283.png"
"duplicates","7_第9页-45__3.PNG","duplicate_284.png","asset\\classified\\duplicates\\7_第9页-45__3.PNG","asset\\classified\\duplicates\\duplicate_284.png"
"duplicates","7_第9页-45.PNG","duplicate_285.png","asset\\classified\\duplicates\\7_第9页-45.PNG","asset\\classified\\duplicates\\duplicate_285.png"
"duplicates","7_第9页-46__2.PNG","duplicate_286.png","asset\\classified\\duplicates\\7_第9页-46__2.PNG","asset\\classified\\duplicates\\duplicate_286.png"
"duplicates","7_第9页-46__3.PNG","duplicate_287.png","asset\\classified\\duplicates\\7_第9页-46__3.PNG","asset\\classified\\duplicates\\duplicate_287.png"
"duplicates","7_第9页-46.PNG","duplicate_288.png","asset\\classified\\duplicates\\7_第9页-46.PNG","asset\\classified\\duplicates\\duplicate_288.png"
"duplicates","7_第9页-47__2.PNG","duplicate_289.png","asset\\classified\\duplicates\\7_第9页-47__2.PNG","asset\\classified\\duplicates\\duplicate_289.png"
"duplicates","7_第9页-47__3.PNG","duplicate_290.png","asset\\classified\\duplicates\\7_第9页-47__3.PNG","asset\\classified\\duplicates\\duplicate_290.png"
"duplicates","7_第9页-47.PNG","duplicate_291.png","asset\\classified\\duplicates\\7_第9页-47.PNG","asset\\classified\\duplicates\\duplicate_291.png"
"duplicates","7_第9页-48__2.PNG","duplicate_292.png","asset\\classified\\duplicates\\7_第9页-48__2.PNG","asset\\classified\\duplicates\\duplicate_292.png"
"duplicates","7_第9页-48__3.PNG","duplicate_293.png","asset\\classified\\duplicates\\7_第9页-48__3.PNG","asset\\classified\\duplicates\\duplicate_293.png"
"duplicates","7_第9页-48.PNG","duplicate_294.png","asset\\classified\\duplicates\\7_第9页-48.PNG","asset\\classified\\duplicates\\duplicate_294.png"
"duplicates","7_第9页-49__2.PNG","duplicate_295.png","asset\\classified\\duplicates\\7_第9页-49__2.PNG","asset\\classified\\duplicates\\duplicate_295.png"
"duplicates","7_第9页-49__3.PNG","duplicate_296.png","asset\\classified\\duplicates\\7_第9页-49__3.PNG","asset\\classified\\duplicates\\duplicate_296.png"
"duplicates","7_第9页-49.PNG","duplicate_297.png","asset\\classified\\duplicates\\7_第9页-49.PNG","asset\\classified\\duplicates\\duplicate_297.png"
"duplicates","7_第9页-50__2.PNG","duplicate_298.png","asset\\classified\\duplicates\\7_第9页-50__2.PNG","asset\\classified\\duplicates\\duplicate_298.png"
"duplicates","7_第9页-50__3.PNG","duplicate_299.png","asset\\classified\\duplicates\\7_第9页-50__3.PNG","asset\\classified\\duplicates\\duplicate_299.png"
"duplicates","7_第9页-50.PNG","duplicate_300.png","asset\\classified\\duplicates\\7_第9页-50.PNG","asset\\classified\\duplicates\\duplicate_300.png"
"duplicates","7_第9页-51__2.PNG","duplicate_301.png","asset\\classified\\duplicates\\7_第9页-51__2.PNG","asset\\classified\\duplicates\\duplicate_301.png"
"duplicates","7_第9页-51__3.PNG","duplicate_302.png","asset\\classified\\duplicates\\7_第9页-51__3.PNG","asset\\classified\\duplicates\\duplicate_302.png"
"duplicates","7_第9页-51.PNG","duplicate_303.png","asset\\classified\\duplicates\\7_第9页-51.PNG","asset\\classified\\duplicates\\duplicate_303.png"
